"1","916","51","0","beliebig","36.5","0","0","0"
"2","868","51","0","beliebig","19.5","0","0","0"
"3","878","51","0","beliebig","20.5","0","0","0"
"4","217","51","0","beliebig","179.9","0","0","0"
"5","1280","51","0","beliebig","79.9","0","0","0"
"6","671","51","0","beliebig","35.5","0","0","0"
"7","1284","51","0","beliebig","136.5","0","0","0"
"8","562","51","0","beliebig","134.9","0","0","0"
"9","218","51","0","beliebig","259.9","0","0","0"
"10","947","51","0","beliebig","219.9","0","0","0"
"11","670","51","0","beliebig","53","0","0","0"
"12","877","51","0","beliebig","25.5","0","0","0"
"13","153","51","0","beliebig","42.5","0","0","0"
"14","674","51","0","beliebig","48.5","0","0","0"
"15","731","51","0","beliebig","54.5","0","0","0"
"16","734","51","0","beliebig","71.5","0","0","0"
"17","582","51","0","beliebig","71.5","0","0","0"
"18","122","51","0","beliebig","28.5","0","0","0"
"19","624","51","0","beliebig","85","0","0","0"
"20","938","51","0","beliebig","32","0","0","0"
"21","127","51","0","beliebig","235","0","0","0"
"22","717","51","0","beliebig","87.5","0","0","0"
"23","123","51","0","beliebig","7.5","0","0","0"
"24","111","51","0","beliebig","8","0","0","0"
"25","1198","51","0","beliebig","22.5","0","0","0"
"26","1206","51","0","beliebig","22.5","0","0","0"
"27","587","51","0","beliebig","79","0","0","0"
"28","1258","51","0","beliebig","79","0","0","0"
"29","729","51","0","beliebig","59","0","0","0"
"30","605","51","0","beliebig","59","0","0","0"
"31","702","51","0","beliebig","68","0","0","0"
"32","147","51","0","beliebig","51","0","0","0"
"33","953","51","0","beliebig","24","0","0","0"
"34","687","51","0","beliebig","58","0","0","0"
"35","628","51","0","beliebig","32","0","0","0"
"36","629","51","0","beliebig","32","0","0","0"
"37","1280","117","0","beliebig","80.9","0","0","0"
"38","217","117","0","beliebig","207.9","0","0","0"
"39","1284","117","0","beliebig","138.9","0","0","0"
"40","562","117","0","beliebig","127.9","0","0","0"
"41","52","117","0","beliebig","30.9","0","0","0"
"42","687","117","0","beliebig","30.9","0","0","0"
"43","947","117","0","beliebig","202.9","0","0","0"
"44","127","117","0","beliebig","159.9","0","0","0"
"45","734","117","0","beliebig","57.9","0","0","0"
"46","582","117","0","beliebig","57.9","0","0","0"
"47","916","117","0","beliebig","43.9","0","0","0"
"48","731","117","0","beliebig","43.9","0","0","0"
"49","717","117","0","beliebig","50.9","0","0","0"
"50","624","117","0","beliebig","50.9","0","0","0"
"51","938","117","0","beliebig","25.9","0","0","0"
"52","122","117","0","beliebig","25.9","0","0","0"
"53","877","117","0","beliebig","21.9","0","0","0"
"54","878","117","0","beliebig","21.9","0","0","0"
"55","587","117","0","beliebig","38.9","0","0","0"
"56","1258","117","0","beliebig","38.9","0","0","0"
"57","729","117","0","beliebig","36.9","0","0","0"
"58","605","117","0","beliebig","36.9","0","0","0"
"59","622","117","0","beliebig","34.9","0","0","0"
"60","748","117","0","beliebig","34.9","0","0","0"
"61","218","117","0","beliebig","264.9","0","0","0"
"62","670","117","0","beliebig","33.9","0","0","0"
"63","671","117","0","beliebig","33.9","0","0","0"
"64","1011","27","0","beliebig","324.9","0","0","0"
"65","1012","27","0","beliebig","344.9","0","0","0"
"66","1284","27","0","beliebig","149.9","0","0","0"
"67","628","27","0","beliebig","21","0","0","0"
"68","629","27","0","beliebig","21","0","0","0"
"69","729","27","0","beliebig","37.9","0","0","0"
"70","562","27","0","beliebig","139.9","0","0","0"
"71","605","27","0","beliebig","37.9","0","0","0"
"72","193","27","0","beliebig","138.9","0","0","0"
"73","1150","27","0","beliebig","159.9","0","0","0"
"74","522","27","0","beliebig","159.9","0","0","0"
"75","504","27","0","beliebig","159.9","0","0","0"
"76","503","27","0","beliebig","159.9","0","0","0"
"77","84","27","0","beliebig","159.9","0","0","0"
"78","528","27","0","beliebig","127.9","0","0","0"
"79","532","27","0","beliebig","127.9","0","0","0"
"80","52","27","0","beliebig","42.9","0","0","0"
"81","687","27","0","beliebig","42.9","0","0","0"
"82","622","27","0","beliebig","55.9","0","0","0"
"83","1258","27","0","beliebig","63.9","0","0","0"
"84","217","27","0","beliebig","269","0","0","0"
"85","868","27","0","beliebig","24","0","0","0"
"86","147","27","0","beliebig","52","0","0","0"
"87","705","27","0","beliebig","63","0","0","0"
"88","587","27","0","beliebig","77","0","0","0"
"89","127","27","0","beliebig","259","0","0","0"
"90","1284","22","0","beliebig","139.9","0","0","0"
"91","978","22","0","beliebig","10.5","0","0","0"
"92","870","22","0","beliebig","10.5","0","0","0"
"93","139","22","0","beliebig","14.5","0","0","0"
"94","562","22","0","beliebig","129.9","0","0","0"
"95","628","22","0","beliebig","18.9","0","0","0"
"96","170","22","0","beliebig","8","0","0","0"
"97","687","22","0","beliebig","31.9","0","0","0"
"98","887","22","0","beliebig","16.5","0","0","0"
"99","572","22","0","beliebig","10.5","0","0","0"
"100","1258","22","0","beliebig","37.9","0","0","0"
"101","879","22","0","beliebig","14.5","0","0","0"
"102","52","22","0","beliebig","32.9","0","0","0"
"103","111","22","0","beliebig","7","0","0","0"
"104","123","22","0","beliebig","6.5","0","0","0"
"105","650","22","0","beliebig","16.5","0","0","0"
"106","729","22","0","beliebig","36.9","0","0","0"
"107","605","22","0","beliebig","36.9","0","0","0"
"108","1280","22","0","beliebig","115","0","0","0"
"109","720","22","0","beliebig","24","0","0","0"
"110","622","22","0","beliebig","74","0","0","0"
"111","906","22","0","beliebig","22","0","0","0"
"112","752","22","0","beliebig","36","0","0","0"
"113","753","22","0","beliebig","36","0","0","0"
"114","680","22","0","beliebig","22","0","0","0"
"115","629","22","0","beliebig","30","0","0","0"
"116","749","22","0","beliebig","29","0","0","0"
"117","570","22","0","beliebig","14","0","0","0"
"118","726","22","0","beliebig","26","0","0","0"
"119","122","22","0","beliebig","45","0","0","0"
"120","938","22","0","beliebig","45","0","0","0"
"121","96","28","0","beliebig","6.5","0","0","0"
"122","588","28","0","beliebig","25.5","0","0","0"
"123","111","28","0","beliebig","7.5","0","0","0"
"124","202","28","0","beliebig","24.5","0","0","0"
"125","265","28","0","beliebig","6.5","0","0","0"
"126","123","28","0","beliebig","7","0","0","0"
"127","719","28","0","beliebig","8","0","0","0"
"128","1228","28","0","beliebig","21","0","0","0"
"129","130","28","0","beliebig","25","0","0","0"
"130","879","28","0","beliebig","16.5","0","0","0"
"131","870","28","0","beliebig","13.5","0","0","0"
"132","885","28","0","beliebig","24.5","0","0","0"
"133","978","28","0","beliebig","13.5","0","0","0"
"134","720","28","0","beliebig","22.5","0","0","0"
"135","726","28","0","beliebig","22.5","0","0","0"
"136","680","28","0","beliebig","22","0","0","0"
"137","906","28","0","beliebig","22","0","0","0"
"138","650","28","0","beliebig","21.5","0","0","0"
"139","887","28","0","beliebig","21.5","0","0","0"
"140","139","28","0","beliebig","16.5","0","0","0"
"141","726","90","0","beliebig","23.5","0","0","0"
"142","720","90","0","beliebig","23.5","0","0","0"
"143","906","90","0","beliebig","22.99","0","0","0"
"144","680","90","0","beliebig","22.99","0","0","0"
"145","1023","1","0","beliebig","139","0","0","0"
"146","720","1","0","beliebig","22.5","0","0","0"
"147","680","1","0","beliebig","21","0","0","0"
"148","906","1","0","beliebig","21.5","0","0","0"
"149","687","1","0","beliebig","49","0","0","0"
"150","869","1","0","beliebig","12.5","0","0","0"
"151","879","1","0","beliebig","15.5","0","0","0"
"152","650","1","0","beliebig","20.5","0","0","0"
"153","887","1","0","beliebig","21","0","0","0"
"154","127","1","0","beliebig","270","0","0","0"
"155","629","1","0","beliebig","28","0","0","0"
"156","870","1","0","beliebig","14.5","0","0","0"
"157","139","1","0","beliebig","17","0","0","0"
"158","570","1","0","beliebig","14.5","0","0","0"
"159","572","1","0","beliebig","14.5","0","0","0"
"160","671","1","0","beliebig","69","0","0","0"
"161","193","109","0","beliebig","124.9","0","0","0"
"162","488","109","0","beliebig","127.9","0","0","0"
"163","726","109","0","beliebig","17.5","0","0","0"
"164","828","109","0","beliebig","49.9","0","0","0"
"165","301","109","0","beliebig","41.99","0","0","0"
"166","1041","109","0","beliebig","15.99","0","0","0"
"167","1150","109","0","beliebig","150.9","0","0","0"
"168","720","109","0","beliebig","17.5","0","0","0"
"169","52","109","0","beliebig","23.9","0","0","0"
"170","1284","109","0","beliebig","115","0","0","0"
"171","84","109","0","beliebig","147.9","0","0","0"
"172","526","109","0","beliebig","139.9","0","0","0"
"173","487","109","0","beliebig","139.9","0","0","0"
"174","528","109","0","beliebig","134.9","0","0","0"
"175","532","109","0","beliebig","134.9","0","0","0"
"176","508","109","0","beliebig","173.9","0","0","0"
"177","365","109","0","beliebig","143.9","0","0","0"
"178","1140","109","0","beliebig","162.9","0","0","0"
"179","497","109","0","beliebig","165.9","0","0","0"
"180","139","109","0","beliebig","13.5","0","0","0"
"181","217","109","0","beliebig","189.9","0","0","0"
"182","381","109","0","beliebig","64.99","0","0","0"
"183","192","109","0","beliebig","169.9","0","0","0"
"184","940","109","0","beliebig","115","0","0","0"
"185","357","109","0","beliebig","162","0","0","0"
"186","355","109","0","beliebig","173.9","0","0","0"
"187","479","109","0","beliebig","175.9","0","0","0"
"188","73","109","0","beliebig","175.9","0","0","0"
"189","358","109","0","beliebig","160.9","0","0","0"
"190","482","109","0","beliebig","162","0","0","0"
"191","495","109","0","beliebig","149.99","0","0","0"
"192","535","109","0","beliebig","138.9","0","0","0"
"193","536","109","0","beliebig","138.9","0","0","0"
"194","444","109","0","beliebig","169.9","0","0","0"
"195","505","109","0","beliebig","152.5","0","0","0"
"196","522","109","0","beliebig","152.5","0","0","0"
"197","503","109","0","beliebig","152.5","0","0","0"
"198","68","109","0","beliebig","169","0","0","0"
"199","52","41","0","beliebig","31.9","0","0","0"
"200","687","41","0","beliebig","31.9","0","0","0"
"201","753","41","0","beliebig","25.9","0","0","0"
"202","729","41","0","beliebig","38.8","0","0","0"
"203","605","41","0","beliebig","38.8","0","0","0"
"204","1023","41","0","beliebig","102","0","0","0"
"205","217","41","0","beliebig","205","0","0","0"
"206","1280","41","0","beliebig","82.9","0","0","0"
"207","671","41","0","beliebig","35.9","0","0","0"
"208","731","41","0","beliebig","42.9","0","0","0"
"209","734","41","0","beliebig","59.9","0","0","0"
"210","953","41","0","beliebig","18.5","0","0","0"
"211","868","41","0","beliebig","18.5","0","0","0"
"212","562","41","0","beliebig","139","0","0","0"
"213","629","41","0","beliebig","21.9","0","0","0"
"214","946","41","0","beliebig","119","0","0","0"
"215","587","41","0","beliebig","64.9","0","0","0"
"216","218","41","0","beliebig","239","0","0","0"
"217","1258","41","0","beliebig","69.9","0","0","0"
"218","752","41","0","beliebig","32.9","0","0","0"
"219","940","41","0","beliebig","104.9","0","0","0"
"220","147","41","0","beliebig","47.9","0","0","0"
"221","622","41","0","beliebig","67.9","0","0","0"
"222","748","41","0","beliebig","67.9","0","0","0"
"223","127","41","0","beliebig","249.9","0","0","0"
"224","705","41","0","beliebig","58.9","0","0","0"
"225","1007","41","0","beliebig","58.9","0","0","0"
"226","947","41","0","beliebig","299","0","0","0"
"227","628","41","0","beliebig","26.9","0","0","0"
"228","522","41","0","beliebig","164.99","0","0","0"
"229","385","41","0","beliebig","91.99","0","0","0"
"230","69","41","0","beliebig","91.99","0","0","0"
"231","66","41","0","beliebig","91.99","0","0","0"
"232","383","41","0","beliebig","91.99","0","0","0"
"233","386","41","0","beliebig","91.99","0","0","0"
"234","525","41","0","beliebig","179.99","0","0","0"
"235","1136","41","0","beliebig","179.99","0","0","0"
"236","501","41","0","beliebig","179.99","0","0","0"
"237","91","41","0","beliebig","179.99","0","0","0"
"238","68","41","0","beliebig","179.99","0","0","0"
"239","502","41","0","beliebig","179.99","0","0","0"
"240","1140","41","0","beliebig","179.99","0","0","0"
"241","532","41","0","beliebig","169.99","0","0","0"
"242","489","41","0","beliebig","169.99","0","0","0"
"243","535","41","0","beliebig","169.99","0","0","0"
"244","528","41","0","beliebig","169.99","0","0","0"
"245","193","41","0","beliebig","169.99","0","0","0"
"246","1134","41","0","beliebig","182.99","0","0","0"
"247","365","41","0","beliebig","182.99","0","0","0"
"248","495","41","0","beliebig","182.99","0","0","0"
"249","465","41","0","beliebig","182.99","0","0","0"
"250","204","41","0","beliebig","179.99","0","0","0"
"251","526","41","0","beliebig","179.99","0","0","0"
"252","77","41","0","beliebig","182.99","0","0","0"
"253","140","41","0","beliebig","182.99","0","0","0"
"254","379","41","0","beliebig","182.99","0","0","0"
"255","487","41","0","beliebig","179.99","0","0","0"
"256","488","41","0","beliebig","179.99","0","0","0"
"257","289","119","0","beliebig","9","0","0","0"
"258","261","119","0","beliebig","9.5","0","0","0"
"259","560","119","0","beliebig","23.9","0","0","0"
"260","193","119","0","beliebig","142.9","0","0","0"
"261","532","119","0","beliebig","127.9","0","0","0"
"262","53","119","0","beliebig","10.5","0","0","0"
"263","159","119","0","beliebig","9.5","0","0","0"
"264","211","119","0","beliebig","9","0","0","0"
"265","170","119","0","beliebig","8.5","0","0","0"
"266","19","119","0","beliebig","6","0","0","0"
"267","719","119","0","beliebig","8","0","0","0"
"268","111","119","0","beliebig","7.5","0","0","0"
"269","341","119","0","beliebig","23.99","0","0","0"
"270","98","119","0","beliebig","38.9","0","0","0"
"271","548","119","0","beliebig","44.9","0","0","0"
"272","548","119","0","beliebig","44.9","0","0","0"
"273","98","119","0","beliebig","41.9","0","0","0"
"274","581","119","0","beliebig","55.9","0","0","0"
"275","604","119","0","beliebig","49.9","0","0","0"
"276","668","119","0","beliebig","28.9","0","0","0"
"277","380","119","0","beliebig","16.9","0","0","0"
"278","402","119","0","beliebig","16.9","0","0","0"
"279","374","119","0","beliebig","16.9","0","0","0"
"280","354","119","0","beliebig","16.9","0","0","0"
"281","500","119","0","beliebig","16.9","0","0","0"
"282","51","119","0","beliebig","16.9","0","0","0"
"283","344","119","0","beliebig","16.9","0","0","0"
"284","347","119","0","beliebig","16.9","0","0","0"
"285","346","119","0","beliebig","17.9","0","0","0"
"286","188","119","0","beliebig","17.9","0","0","0"
"287","543","119","0","beliebig","17.9","0","0","0"
"288","178","119","0","beliebig","14.9","0","0","0"
"289","334","119","0","beliebig","16.9","0","0","0"
"290","338","119","0","beliebig","17.9","0","0","0"
"291","321","119","0","beliebig","17.9","0","0","0"
"292","541","119","0","beliebig","16.9","0","0","0"
"293","257","119","0","beliebig","11.9","0","0","0"
"294","407","119","0","beliebig","17.9","0","0","0"
"295","408","119","0","beliebig","17.9","0","0","0"
"296","400","119","0","beliebig","18.9","0","0","0"
"297","401","119","0","beliebig","18.9","0","0","0"
"298","1081","119","0","beliebig","18.9","0","0","0"
"299","175","119","0","beliebig","18.9","0","0","0"
"300","499","119","0","beliebig","29.9","0","0","0"
"301","481","119","0","beliebig","29.9","0","0","0"
"302","351","119","0","beliebig","32.9","0","0","0"
"303","353","119","0","beliebig","32.9","0","0","0"
"304","311","119","0","beliebig","29.9","0","0","0"
"305","350","119","0","beliebig","29.9","0","0","0"
"306","343","119","0","beliebig","29.9","0","0","0"
"307","345","119","0","beliebig","17.9","0","0","0"
"308","325","119","0","beliebig","25.9","0","0","0"
"309","115","119","0","beliebig","35.9","0","0","0"
"310","335","119","0","beliebig","32.9","0","0","0"
"311","176","119","0","beliebig","32.9","0","0","0"
"312","13","119","0","beliebig","32.9","0","0","0"
"313","330","119","0","beliebig","32.9","0","0","0"
"314","329","119","0","beliebig","32.9","0","0","0"
"315","331","119","0","beliebig","32.9","0","0","0"
"316","527","119","0","beliebig","23.9","0","0","0"
"317","824","119","0","beliebig","23.9","0","0","0"
"318","339","119","0","beliebig","23.9","0","0","0"
"319","315","119","0","beliebig","23.9","0","0","0"
"320","313","119","0","beliebig","23.9","0","0","0"
"321","314","119","0","beliebig","24.9","0","0","0"
"322","305","119","0","beliebig","24.9","0","0","0"
"323","449","119","0","beliebig","25.9","0","0","0"
"324","11","119","0","beliebig","25.9","0","0","0"
"325","25","119","0","beliebig","25.9","0","0","0"
"326","28","119","0","beliebig","28","0","0","0"
"327","441","119","0","beliebig","28","0","0","0"
"328","436","119","0","beliebig","28","0","0","0"
"329","437","119","0","beliebig","28","0","0","0"
"330","463","119","0","beliebig","82.9","0","0","0"
"331","544","119","0","beliebig","82.9","0","0","0"
"332","545","119","0","beliebig","82.9","0","0","0"
"333","406","119","0","beliebig","49.9","0","0","0"
"334","828","119","0","beliebig","53.9","0","0","0"
"335","361","119","0","beliebig","122.9","0","0","0"
"336","357","119","0","beliebig","122.9","0","0","0"
"337","479","119","0","beliebig","179.9","0","0","0"
"338","73","119","0","beliebig","179.9","0","0","0"
"339","482","119","0","beliebig","164.9","0","0","0"
"340","497","119","0","beliebig","164.9","0","0","0"
"341","319","119","0","beliebig","64","0","0","0"
"342","301","119","0","beliebig","39.9","0","0","0"
"343","192","119","0","beliebig","172.9","0","0","0"
"344","1139","119","0","beliebig","67.9","0","0","0"
"345","542","119","0","beliebig","44.9","0","0","0"
"346","399","119","0","beliebig","45.9","0","0","0"
"347","501","119","0","beliebig","165.9","0","0","0"
"348","68","119","0","beliebig","165.9","0","0","0"
"349","1140","119","0","beliebig","165.9","0","0","0"
"350","526","119","0","beliebig","129.9","0","0","0"
"351","487","119","0","beliebig","129.9","0","0","0"
"352","488","119","0","beliebig","129.9","0","0","0"
"353","381","119","0","beliebig","69.9","0","0","0"
"354","236","119","0","beliebig","3.9","0","0","0"
"355","236","119","0","beliebig","3.9","0","0","0"
"356","839","119","0","beliebig","2.99","0","0","0"
"357","298","119","0","beliebig","2.99","0","0","0"
"358","268","119","0","beliebig","3.9","0","0","0"
"359","370","119","0","beliebig","3.9","0","0","0"
"360","533","119","0","beliebig","9.9","0","0","0"
"361","530","119","0","beliebig","9.9","0","0","0"
"362","530","119","0","beliebig","9.9","0","0","0"
"363","181","119","0","beliebig","9.9","0","0","0"
"364","579","119","0","beliebig","10.9","0","0","0"
"365","602","119","0","beliebig","6.9","0","0","0"
"366","618","119","0","beliebig","10.9","0","0","0"
"367","660","119","0","beliebig","5.9","0","0","0"
"368","699","119","0","beliebig","5.9","0","0","0"
"369","699","119","0","beliebig","3.9","0","0","0"
"370","146","119","0","beliebig","4.9","0","0","0"
"371","892","119","0","beliebig","5.9","0","0","0"
"372","260","119","0","beliebig","4.9","0","0","0"
"373","641","119","0","beliebig","3.9","0","0","0"
"374","87","119","0","beliebig","3.9","0","0","0"
"375","804","119","0","beliebig","3.9","0","0","0"
"376","49","119","0","beliebig","2.99","0","0","0"
"377","1298","119","0","beliebig","39.9","0","0","0"
"378","1300","119","0","beliebig","39.9","0","0","0"
"379","1299","119","0","beliebig","45.9","0","0","0"
"380","598","119","0","beliebig","18.9","0","0","0"
"381","234","119","0","beliebig","15.9","0","0","0"
"382","653","119","0","beliebig","15.9","0","0","0"
"383","229","119","0","beliebig","11.9","0","0","0"
"384","369","119","0","beliebig","9.9","0","0","0"
"385","369","119","0","beliebig","6","0","0","0"
"386","317","119","0","beliebig","9.9","0","0","0"
"387","785","119","0","beliebig","10.9","0","0","0"
"388","316","119","0","beliebig","10.9","0","0","0"
"389","74","119","0","beliebig","10.9","0","0","0"
"390","168","119","0","beliebig","7.9","0","0","0"
"391","54","119","0","beliebig","7.9","0","0","0"
"392","634","119","0","beliebig","6.9","0","0","0"
"393","673","119","0","beliebig","6.9","0","0","0"
"394","707","119","0","beliebig","5.9","0","0","0"
"395","48","119","0","beliebig","5.9","0","0","0"
"396","34","119","0","beliebig","5.9","0","0","0"
"397","883","119","0","beliebig","5.9","0","0","0"
"398","938","119","0","beliebig","20","0","0","0"
"399","122","119","0","beliebig","20","0","0","0"
"400","503","119","0","beliebig","149.9","0","0","0"
"401","84","119","0","beliebig","149.9","0","0","0"
"402","528","119","0","beliebig","127.9","0","0","0"
"403","379","119","0","beliebig","125","0","0","0"
"404","69","119","0","beliebig","60","0","0","0"
"405","386","119","0","beliebig","60","0","0","0"
"406","140","119","0","beliebig","159","0","0","0"
"407","50","119","0","beliebig","8","0","0","0"
"408","672","119","0","beliebig","8","0","0","0"
"409","157","119","0","beliebig","22.24","0","0","0"
"410","53","119","0","beliebig","15.05","0","0","0"
"411","123","119","0","beliebig","6.5","0","0","0"
"412","1280","119","0","beliebig","109","0","0","0"
"413","218","119","0","beliebig","236","0","0","0"
"414","947","119","0","beliebig","223","0","0","0"
"415","127","119","0","beliebig","182","0","0","0"
"416","587","119","0","beliebig","62","0","0","0"
"417","1258","119","0","beliebig","62","0","0","0"
"418","729","119","0","beliebig","43","0","0","0"
"419","605","119","0","beliebig","43","0","0","0"
"420","622","119","0","beliebig","55","0","0","0"
"421","748","119","0","beliebig","55","0","0","0"
"422","52","119","0","beliebig","37","0","0","0"
"423","687","119","0","beliebig","37","0","0","0"
"424","953","119","0","beliebig","30","0","0","0"
"425","868","119","0","beliebig","30","0","0","0"
"426","674","119","0","beliebig","52","0","0","0"
"427","702","119","0","beliebig","52","0","0","0"
"428","217","176","0","beliebig","185","0","0","0"
"429","1280","176","0","beliebig","85","0","0","0"
"430","731","176","0","beliebig","59","0","0","0"
"431","1284","176","0","beliebig","184","0","0","0"
"432","562","176","0","beliebig","132.9","0","0","0"
"433","123","176","0","beliebig","8.5","0","0","0"
"434","111","176","0","beliebig","8.5","0","0","0"
"435","497","176","0","beliebig","164.9","0","0","0"
"436","193","176","0","beliebig","129.9","0","0","0"
"437","167","176","0","beliebig","45.9","0","0","0"
"438","879","176","0","beliebig","14.5","0","0","0"
"439","629","176","0","beliebig","25.9","0","0","0"
"440","52","176","0","beliebig","36.9","0","0","0"
"441","687","176","0","beliebig","36.9","0","0","0"
"442","729","176","0","beliebig","41.9","0","0","0"
"443","605","176","0","beliebig","41.9","0","0","0"
"444","1023","176","0","beliebig","129.9","0","0","0"
"445","749","176","0","beliebig","21.9","0","0","0"
"446","127","176","0","beliebig","154.9","0","0","0"
"447","695","176","0","beliebig","47","0","0","0"
"448","85","176","0","beliebig","73","0","0","0"
"449","399","176","0","beliebig","37.9","0","0","0"
"450","1023","14","0","beliebig","120","0","0","0"
"451","570","14","0","beliebig","14.99","0","0","0"
"452","879","14","0","beliebig","15.99","0","0","0"
"453","887","14","0","beliebig","17.5","0","0","0"
"454","572","14","0","beliebig","14.99","0","0","0"
"455","1258","14","0","beliebig","51.99","0","0","0"
"456","1281","14","0","beliebig","69.99","0","0","0"
"457","906","14","0","beliebig","21.99","0","0","0"
"458","680","14","0","beliebig","21.99","0","0","0"
"459","870","14","0","beliebig","12","0","0","0"
"460","1280","14","0","beliebig","94","0","0","0"
"461","202","14","0","beliebig","22.9","0","0","0"
"462","726","14","0","beliebig","24.99","0","0","0"
"463","130","14","0","beliebig","26","0","0","0"
"464","720","14","0","beliebig","25","0","0","0"
"465","749","14","0","beliebig","26","0","0","0"
"466","885","14","0","beliebig","27","0","0","0"
"467","650","14","0","beliebig","23","0","0","0"
"468","826","14","0","beliebig","26","0","0","0"
"469","1207","14","0","beliebig","13.5","0","0","0"
"470","869","14","0","beliebig","13.5","0","0","0"
"471","978","14","0","beliebig","13.5","0","0","0"
"472","139","14","0","beliebig","18","0","0","0"
"473","588","24","0","beliebig","23.5","0","0","0"
"474","589","24","0","beliebig","23.5","0","0","0"
"475","130","24","0","beliebig","23","0","0","0"
"476","749","24","0","beliebig","23","0","0","0"
"477","885","24","0","beliebig","20.5","0","0","0"
"478","202","24","0","beliebig","20.5","0","0","0"
"479","1228","24","0","beliebig","19","0","0","0"
"480","826","24","0","beliebig","19","0","0","0"
"481","726","24","0","beliebig","22.5","0","0","0"
"482","720","24","0","beliebig","22.5","0","0","0"
"483","906","24","0","beliebig","21.5","0","0","0"
"484","680","24","0","beliebig","21.5","0","0","0"
"485","887","24","0","beliebig","18.5","0","0","0"
"486","650","24","0","beliebig","18.5","0","0","0"
"487","139","24","0","beliebig","15.5","0","0","0"
"488","879","24","0","beliebig","15.5","0","0","0"
"489","869","24","0","beliebig","14.5","0","0","0"
"490","870","24","0","beliebig","14.5","0","0","0"
"491","570","24","0","beliebig","10.5","0","0","0"
"492","572","24","0","beliebig","10.5","0","0","0"
"493","1023","24","0","beliebig","139","0","0","0"
"494","19","24","0","beliebig","8","0","0","0"
"495","1038","24","0","beliebig","16.99","0","0","0"
"496","978","24","0","beliebig","13.5","0","0","0"
"497","1207","24","0","beliebig","13.5","0","0","0"
"498","265","24","0","beliebig","7","0","0","0"
"499","96","24","0","beliebig","7","0","0","0"
"500","866","24","0","beliebig","9.5","0","0","0"
"501","123","24","0","beliebig","8","0","0","0"
"502","111","24","0","beliebig","9","0","0","0"
"503","170","24","0","beliebig","12","0","0","0"
"504","130","16","0","beliebig","27","0","0","0"
"505","589","16","0","beliebig","27.5","0","0","0"
"506","726","16","0","beliebig","26.5","0","0","0"
"507","588","16","0","beliebig","26.5","0","0","0"
"508","749","16","0","beliebig","25","0","0","0"
"509","906","16","0","beliebig","23.5","0","0","0"
"510","139","16","0","beliebig","17.5","0","0","0"
"511","572","16","0","beliebig","13.5","0","0","0"
"512","570","16","0","beliebig","13.5","0","0","0"
"513","1023","16","0","beliebig","114.9","0","0","0"
"514","202","16","0","beliebig","24.5","0","0","0"
"515","826","16","0","beliebig","23","0","0","0"
"516","1228","16","0","beliebig","23","0","0","0"
"517","680","16","0","beliebig","25.5","0","0","0"
"518","650","16","0","beliebig","22.5","0","0","0"
"519","887","16","0","beliebig","22.5","0","0","0"
"520","1281","16","0","beliebig","75.9","0","0","0"
"521","946","16","0","beliebig","119.9","0","0","0"
"522","217","16","0","beliebig","226.9","0","0","0"
"523","19","16","0","beliebig","6","0","0","0"
"524","96","16","0","beliebig","6.5","0","0","0"
"525","111","16","0","beliebig","7.5","0","0","0"
"526","123","16","0","beliebig","7","0","0","0"
"527","562","16","0","beliebig","169.9","0","0","0"
"528","879","16","0","beliebig","14.5","0","0","0"
"529","885","16","0","beliebig","19.5","0","0","0"
"530","720","16","0","beliebig","21.5","0","0","0"
"531","595","16","0","beliebig","13","0","0","0"
"532","978","16","0","beliebig","13","0","0","0"
"533","1207","16","0","beliebig","13","0","0","0"
"534","127","16","0","beliebig","275","0","0","0"
"535","870","16","0","beliebig","14.5","0","0","0"
"536","869","16","0","beliebig","14.5","0","0","0"
"537","670","23","0","beliebig","34.9","0","0","0"
"538","671","23","0","beliebig","34.9","0","0","0"
"539","938","23","0","beliebig","37.99","0","0","0"
"540","122","23","0","beliebig","37.99","0","0","0"
"541","887","23","0","beliebig","17.99","0","0","0"
"542","650","23","0","beliebig","17.99","0","0","0"
"543","869","23","0","beliebig","13","0","0","0"
"544","870","23","0","beliebig","13","0","0","0"
"545","52","23","0","beliebig","59","0","0","0"
"546","687","23","0","beliebig","59","0","0","0"
"547","879","23","0","beliebig","16","0","0","0"
"548","139","23","0","beliebig","16","0","0","0"
"549","96","23","0","beliebig","6.5","0","0","0"
"550","265","23","0","beliebig","6.5","0","0","0"
"551","670","91","0","beliebig","59","0","0","0"
"552","671","91","0","beliebig","59","0","0","0"
"553","877","91","0","beliebig","31","0","0","0"
"554","878","91","0","beliebig","31","0","0","0"
"555","1040","98","0","beliebig","19.99","0","0","0"
"556","868","98","0","beliebig","18.99","0","0","0"
"557","670","98","0","beliebig","36.99","0","0","0"
"558","731","98","0","beliebig","49.99","0","0","0"
"559","122","98","0","beliebig","29.99","0","0","0"
"560","878","98","0","beliebig","23.99","0","0","0"
"561","671","98","0","beliebig","35.9","0","0","0"
"562","400","98","0","beliebig","15.5","0","0","0"
"563","111","98","0","beliebig","7.5","0","0","0"
"564","938","98","0","beliebig","29.99","0","0","0"
"565","84","98","0","beliebig","148","0","0","0"
"566","193","98","0","beliebig","122.5","0","0","0"
"567","386","98","0","beliebig","58.5","0","0","0"
"568","169","98","0","beliebig","13","0","0","0"
"569","72","98","0","beliebig","13","0","0","0"
"570","54","98","0","beliebig","13","0","0","0"
"571","673","98","0","beliebig","5.5","0","0","0"
"572","21","98","0","beliebig","3.5","0","0","0"
"573","48","98","0","beliebig","4.5","0","0","0"
"574","152","98","0","beliebig","3.5","0","0","0"
"575","234","98","0","beliebig","16","0","0","0"
"576","283","98","0","beliebig","0.7","0","0","0"
"577","197","98","0","beliebig","0.7","0","0","0"
"578","1036","98","0","beliebig","0.7","0","0","0"
"579","282","98","0","beliebig","0.7","0","0","0"
"580","401","98","0","beliebig","15.5","0","0","0"
"581","828","98","0","beliebig","44","0","0","0"
"582","719","98","0","beliebig","8","0","0","0"
"583","123","98","0","beliebig","7","0","0","0"
"584","153","98","0","beliebig","44.99","0","0","0"
"585","877","98","0","beliebig","27.99","0","0","0"
"586","953","98","0","beliebig","21.99","0","0","0"
"587","940","98","0","beliebig","115","0","0","0"
"588","1280","98","0","beliebig","209.99","0","0","0"
"589","1014","98","0","beliebig","235.9","0","0","0"
"590","734","98","0","beliebig","83.99","0","0","0"
"591","582","98","0","beliebig","83.99","0","0","0"
"592","147","98","0","beliebig","44.99","0","0","0"
"593","1006","98","0","beliebig","14.5","0","0","0"
"594","1021","98","0","beliebig","129.99","0","0","0"
"595","1022","98","0","beliebig","149.99","0","0","0"
"596","916","98","0","beliebig","74.99","0","0","0"
"597","381","29","0","beliebig","63.99","0","0","0"
"598","508","29","0","beliebig","169.9","0","0","0"
"599","444","29","0","beliebig","169.9","0","0","0"
"600","526","29","0","beliebig","136.9","0","0","0"
"601","193","29","0","beliebig","152.9","0","0","0"
"602","12","29","0","beliebig","185.9","0","0","0"
"603","487","29","0","beliebig","129.99","0","0","0"
"604","535","29","0","beliebig","139.9","0","0","0"
"605","562","29","0","beliebig","169.9","0","0","0"
"606","365","29","0","beliebig","144.9","0","0","0"
"607","495","29","0","beliebig","144.9","0","0","0"
"608","528","29","0","beliebig","141.9","0","0","0"
"609","532","29","0","beliebig","124.99","0","0","0"
"610","386","29","0","beliebig","66.49","0","0","0"
"611","140","29","0","beliebig","122.99","0","0","0"
"612","406","29","0","beliebig","50.99","0","0","0"
"613","828","29","0","beliebig","47.99","0","0","0"
"614","1136","29","0","beliebig","128.99","0","0","0"
"615","1150","29","0","beliebig","155.99","0","0","0"
"616","217","29","0","beliebig","265","0","0","0"
"617","671","29","0","beliebig","44.9","0","0","0"
"618","687","29","0","beliebig","41.9","0","0","0"
"619","680","29","0","beliebig","18.9","0","0","0"
"620","522","29","0","beliebig","153.99","0","0","0"
"621","84","29","0","beliebig","153.99","0","0","0"
"622","488","29","0","beliebig","126.99","0","0","0"
"623","192","29","0","beliebig","166.99","0","0","0"
"624","502","29","0","beliebig","164.99","0","0","0"
"625","68","29","0","beliebig","164.99","0","0","0"
"626","1140","29","0","beliebig","164.99","0","0","0"
"627","622","2","0","beliebig","74","0","0","0"
"628","748","2","0","beliebig","74","0","0","0"
"629","170","2","0","beliebig","8.5","0","0","0"
"630","96","2","0","beliebig","6.5","0","0","0"
"631","111","2","0","beliebig","7.5","0","0","0"
"632","123","2","0","beliebig","7","0","0","0"
"633","753","2","0","beliebig","36","0","0","0"
"634","211","2","0","beliebig","14","0","0","0"
"635","1197","2","0","beliebig","0.8","0","0","0"
"636","697","2","0","beliebig","0.8","0","0","0"
"637","52","2","0","beliebig","60","0","0","0"
"638","687","2","0","beliebig","60","0","0","0"
"639","866","2","0","beliebig","8.5","0","0","0"
"640","719","2","0","beliebig","9","0","0","0"
"641","752","2","0","beliebig","36","0","0","0"
"642","19","2","0","beliebig","10.5","0","0","0"
"643","1006","2","0","beliebig","16","0","0","0"
"644","156","2","0","beliebig","149.99","0","0","0"
"645","1258","2","0","beliebig","87","0","0","0"
"646","624","2","0","beliebig","101","0","0","0"
"647","605","2","0","beliebig","59.5","0","0","0"
"648","628","2","0","beliebig","29","0","0","0"
"649","953","2","0","beliebig","24.5","0","0","0"
"650","629","2","0","beliebig","29","0","0","0"
"651","717","2","0","beliebig","101","0","0","0"
"652","587","2","0","beliebig","87","0","0","0"
"653","671","2","0","beliebig","66","0","0","0"
"654","670","2","0","beliebig","66","0","0","0"
"655","147","2","0","beliebig","51","0","0","0"
"656","878","2","0","beliebig","34","0","0","0"
"657","122","2","0","beliebig","42","0","0","0"
"658","938","2","0","beliebig","42","0","0","0"
"659","877","2","0","beliebig","33","0","0","0"
"660","868","2","0","beliebig","24.5","0","0","0"
"661","705","2","0","beliebig","69","0","0","0"
"662","702","2","0","beliebig","69","0","0","0"
"663","153","2","0","beliebig","51","0","0","0"
"664","265","2","0","beliebig","7","0","0","0"
"665","495","53","0","beliebig","142.9","0","0","0"
"666","170","53","0","beliebig","8.5","0","0","0"
"667","605","53","0","beliebig","33.9","0","0","0"
"668","729","53","0","beliebig","33.9","0","0","0"
"669","229","53","0","beliebig","11","0","0","0"
"670","562","53","0","beliebig","125.9","0","0","0"
"671","1280","53","0","beliebig","69.9","0","0","0"
"672","111","53","0","beliebig","9.5","0","0","0"
"673","687","53","0","beliebig","55","0","0","0"
"674","938","53","0","beliebig","41","0","0","0"
"675","570","53","0","beliebig","14","0","0","0"
"676","572","53","0","beliebig","14","0","0","0"
"677","1023","17","0","beliebig","120","0","0","0"
"678","720","17","0","beliebig","25.5","0","0","0"
"679","650","17","0","beliebig","21.5","0","0","0"
"680","879","17","0","beliebig","18.5","0","0","0"
"681","749","17","0","beliebig","26","0","0","0"
"682","130","17","0","beliebig","26","0","0","0"
"683","826","17","0","beliebig","20","0","0","0"
"684","190","17","0","beliebig","19.99","0","0","0"
"685","906","17","0","beliebig","21","0","0","0"
"686","1228","17","0","beliebig","20","0","0","0"
"687","680","17","0","beliebig","21","0","0","0"
"688","926","17","0","beliebig","20","0","0","0"
"689","123","17","0","beliebig","8","0","0","0"
"690","157","17","0","beliebig","18","0","0","0"
"691","211","17","0","beliebig","9.5","0","0","0"
"692","719","17","0","beliebig","8.5","0","0","0"
"693","946","17","0","beliebig","135","0","0","0"
"694","1280","17","0","beliebig","90","0","0","0"
"695","636","17","0","beliebig","6.5","0","0","0"
"696","885","17","0","beliebig","27.99","0","0","0"
"697","1041","17","0","beliebig","19.99","0","0","0"
"698","1040","17","0","beliebig","19.99","0","0","0"
"699","667","17","0","beliebig","6","0","0","0"
"700","156","17","0","beliebig","135.9","0","0","0"
"701","1022","17","0","beliebig","144.99","0","0","0"
"702","588","17","0","beliebig","25.5","0","0","0"
"703","589","17","0","beliebig","25.5","0","0","0"
"704","570","17","0","beliebig","13.5","0","0","0"
"705","726","17","0","beliebig","23.5","0","0","0"
"706","139","17","0","beliebig","16.5","0","0","0"
"707","869","17","0","beliebig","13","0","0","0"
"708","870","17","0","beliebig","13","0","0","0"
"709","1029","17","0","beliebig","19.99","0","0","0"
"710","111","17","0","beliebig","8","0","0","0"
"711","951","17","0","beliebig","6","0","0","0"
"712","1038","17","0","beliebig","16.99","0","0","0"
"713","19","17","0","beliebig","7","0","0","0"
"714","50","17","0","beliebig","7","0","0","0"
"715","96","17","0","beliebig","7","0","0","0"
"716","265","17","0","beliebig","7","0","0","0"
"717","173","17","0","beliebig","179.99","0","0","0"
"718","1025","17","0","beliebig","139.99","0","0","0"
"719","1026","17","0","beliebig","145","0","0","0"
"720","1037","17","0","beliebig","17.49","0","0","0"
"721","127","17","0","beliebig","275","0","0","0"
"722","202","17","0","beliebig","27.99","0","0","0"
"723","866","17","0","beliebig","9.5","0","0","0"
"724","126","17","0","beliebig","12.99","0","0","0"
"725","1045","17","0","beliebig","12.99","0","0","0"
"726","1047","17","0","beliebig","12.99","0","0","0"
"727","1048","17","0","beliebig","12.99","0","0","0"
"728","887","17","0","beliebig","22.99","0","0","0"
"729","595","17","0","beliebig","13.5","0","0","0"
"730","19","71","0","beliebig","8","0","0","0"
"731","96","71","0","beliebig","7.5","0","0","0"
"732","1023","71","0","beliebig","120.9","0","0","0"
"733","720","71","0","beliebig","27.5","0","0","0"
"734","680","71","0","beliebig","24.5","0","0","0"
"735","53","71","0","beliebig","9.5","0","0","0"
"736","650","71","0","beliebig","17.5","0","0","0"
"737","1228","71","0","beliebig","19","0","0","0"
"738","130","71","0","beliebig","23.5","0","0","0"
"739","726","71","0","beliebig","22.5","0","0","0"
"740","906","71","0","beliebig","20.5","0","0","0"
"741","870","71","0","beliebig","11.5","0","0","0"
"742","866","71","0","beliebig","8","0","0","0"
"743","1281","71","0","beliebig","79.9","0","0","0"
"744","217","71","0","beliebig","250","0","0","0"
"745","562","71","0","beliebig","169","0","0","0"
"746","887","71","0","beliebig","18.5","0","0","0"
"747","139","71","0","beliebig","16.5","0","0","0"
"748","879","71","0","beliebig","16.5","0","0","0"
"749","202","71","0","beliebig","20.5","0","0","0"
"750","265","71","0","beliebig","6.5","0","0","0"
"751","826","71","0","beliebig","24","0","0","0"
"752","170","71","0","beliebig","9","0","0","0"
"753","111","71","0","beliebig","7.5","0","0","0"
"754","123","71","0","beliebig","7","0","0","0"
"755","168","71","0","beliebig","8.5","0","0","0"
"756","54","71","0","beliebig","8.5","0","0","0"
"757","634","71","0","beliebig","8","0","0","0"
"758","50","71","0","beliebig","7.5","0","0","0"
"759","707","71","0","beliebig","7","0","0","0"
"760","34","71","0","beliebig","6.5","0","0","0"
"761","883","71","0","beliebig","6","0","0","0"
"762","211","71","0","beliebig","10.5","0","0","0"
"763","719","71","0","beliebig","8.5","0","0","0"
"764","749","71","0","beliebig","35","0","0","0"
"765","885","71","0","beliebig","31","0","0","0"
"766","869","71","0","beliebig","16","0","0","0"
"767","595","71","0","beliebig","16","0","0","0"
"768","978","71","0","beliebig","16","0","0","0"
"769","1207","71","0","beliebig","16","0","0","0"
"770","193","170","0","beliebig","125.9","0","0","0"
"771","868","48","0","beliebig","21.9","0","0","0"
"772","687","48","0","beliebig","37.9","0","0","0"
"773","753","48","0","beliebig","25.9","0","0","0"
"774","752","48","0","beliebig","25.9","0","0","0"
"775","629","48","0","beliebig","22.9","0","0","0"
"776","54","48","0","beliebig","8.5","0","0","0"
"777","234","48","0","beliebig","20","0","0","0"
"778","152","48","0","beliebig","2","0","0","0"
"779","88","48","0","beliebig","11.5","0","0","0"
"780","846","48","0","beliebig","12.5","0","0","0"
"781","48","48","0","beliebig","5","0","0","0"
"782","604","48","0","beliebig","42","0","0","0"
"783","809","48","0","beliebig","2","0","0","0"
"784","370","48","0","beliebig","6","0","0","0"
"785","123","48","0","beliebig","7.5","0","0","0"
"786","206","48","0","beliebig","9.5","0","0","0"
"787","605","48","0","beliebig","52","0","0","0"
"788","878","48","0","beliebig","23","0","0","0"
"789","237","48","0","beliebig","6.5","0","0","0"
"790","369","48","0","beliebig","9.5","0","0","0"
"791","88","48","0","beliebig","26","0","0","0"
"792","811","48","0","beliebig","9","0","0","0"
"793","748","48","0","beliebig","59","0","0","0"
"794","953","48","0","beliebig","19.9","0","0","0"
"795","52","48","0","beliebig","45","0","0","0"
"796","622","48","0","beliebig","60","0","0","0"
"797","1258","48","0","beliebig","65","0","0","0"
"798","562","48","0","beliebig","192","0","0","0"
"799","221","48","0","beliebig","1","0","0","0"
"800","656","48","0","beliebig","1","0","0","0"
"801","582","48","0","beliebig","104.9","0","0","0"
"802","877","48","0","beliebig","28.9","0","0","0"
"803","98","48","0","beliebig","70","0","0","0"
"804","735","48","0","beliebig","104.9","0","0","0"
"805","696","48","0","beliebig","0.7","0","0","0"
"806","697","48","0","beliebig","0.7","0","0","0"
"807","779","48","0","beliebig","0.7","0","0","0"
"808","780","48","0","beliebig","0.7","0","0","0"
"809","668","48","0","beliebig","28","0","0","0"
"810","1259","48","0","beliebig","85.9","0","0","0"
"811","213","48","0","beliebig","59","0","0","0"
"812","203","48","0","beliebig","59","0","0","0"
"813","85","48","0","beliebig","76","0","0","0"
"814","725","48","0","beliebig","71.9","0","0","0"
"815","298","48","0","beliebig","3","0","0","0"
"816","363","48","0","beliebig","1.2","0","0","0"
"817","150","48","0","beliebig","6","0","0","0"
"818","136","48","0","beliebig","22.9","0","0","0"
"819","1216","48","0","beliebig","22.9","0","0","0"
"820","883","48","0","beliebig","6.5","0","0","0"
"821","922","48","0","beliebig","28.9","0","0","0"
"822","809","48","0","beliebig","1.5","0","0","0"
"823","729","48","0","beliebig","67","0","0","0"
"824","777","48","0","beliebig","52.9","0","0","0"
"825","1247","48","0","beliebig","75.9","0","0","0"
"826","969","48","0","beliebig","17.9","0","0","0"
"827","1217","48","0","beliebig","17.9","0","0","0"
"828","653","48","0","beliebig","27","0","0","0"
"829","866","48","0","beliebig","9","0","0","0"
"830","211","48","0","beliebig","12","0","0","0"
"831","920","48","0","beliebig","28.9","0","0","0"
"832","678","48","0","beliebig","71.9","0","0","0"
"833","229","48","0","beliebig","15","0","0","0"
"834","170","48","0","beliebig","11","0","0","0"
"835","719","48","0","beliebig","9.5","0","0","0"
"836","111","48","0","beliebig","8.5","0","0","0"
"837","951","48","0","beliebig","9","0","0","0"
"838","96","48","0","beliebig","6.5","0","0","0"
"839","774","48","0","beliebig","41.9","0","0","0"
"840","896","48","0","beliebig","41.9","0","0","0"
"841","651","48","0","beliebig","46.9","0","0","0"
"842","721","48","0","beliebig","88.9","0","0","0"
"843","967","48","0","beliebig","7.5","0","0","0"
"844","894","48","0","beliebig","9","0","0","0"
"845","265","48","0","beliebig","6.5","0","0","0"
"846","19","48","0","beliebig","7.5","0","0","0"
"847","1240","48","0","beliebig","46.9","0","0","0"
"848","869","15","0","beliebig","13.5","0","0","0"
"849","52","15","0","beliebig","58","0","0","0"
"850","127","15","0","beliebig","270","0","0","0"
"851","719","15","0","beliebig","8","0","0","0"
"852","111","15","0","beliebig","7.5","0","0","0"
"853","48","15","0","beliebig","6","0","0","0"
"854","50","15","0","beliebig","6.5","0","0","0"
"855","1006","15","0","beliebig","15","0","0","0"
"856","202","15","0","beliebig","25","0","0","0"
"857","123","15","0","beliebig","7","0","0","0"
"858","96","15","0","beliebig","6.5","0","0","0"
"859","170","15","0","beliebig","9.5","0","0","0"
"860","19","15","0","beliebig","7.5","0","0","0"
"861","622","15","0","beliebig","71","0","0","0"
"862","748","15","0","beliebig","71","0","0","0"
"863","605","15","0","beliebig","57","0","0","0"
"864","156","15","0","beliebig","155","0","0","0"
"865","650","15","0","beliebig","22","0","0","0"
"866","1009","15","0","beliebig","6.5","0","0","0"
"867","680","15","0","beliebig","24","0","0","0"
"868","720","15","0","beliebig","26","0","0","0"
"869","906","15","0","beliebig","24","0","0","0"
"870","749","15","0","beliebig","28","0","0","0"
"871","887","15","0","beliebig","22","0","0","0"
"872","870","15","0","beliebig","13.5","0","0","0"
"873","587","15","0","beliebig","85","0","0","0"
"874","1258","15","0","beliebig","85","0","0","0"
"875","53","15","0","beliebig","21","0","0","0"
"876","687","15","0","beliebig","58","0","0","0"
"877","173","15","0","beliebig","169.99","0","0","0"
"878","159","15","0","beliebig","21","0","0","0"
"879","139","15","0","beliebig","17","0","0","0"
"880","879","15","0","beliebig","17","0","0","0"
"881","885","15","0","beliebig","28","0","0","0"
"882","595","15","0","beliebig","14.5","0","0","0"
"883","726","15","0","beliebig","28","0","0","0"
"884","265","15","0","beliebig","7","0","0","0"
"885","826","15","0","beliebig","24","0","0","0"
"886","1228","15","0","beliebig","24","0","0","0"
"887","1207","15","0","beliebig","14.5","0","0","0"
"888","1010","15","0","beliebig","16","0","0","0"
"889","130","15","0","beliebig","33","0","0","0"
"890","731","112","0","beliebig","39","0","0","0"
"891","916","112","0","beliebig","39","0","0","0"
"892","357","112","0","beliebig","160","0","0","0"
"893","479","112","0","beliebig","170","0","0","0"
"894","488","112","0","beliebig","124","0","0","0"
"895","451","112","0","beliebig","35.09","0","0","0"
"896","1135","112","0","beliebig","42.26","0","0","0"
"897","514","112","0","beliebig","54.55","0","0","0"
"898","360","112","0","beliebig","31.2","0","0","0"
"899","542","112","0","beliebig","46.26","0","0","0"
"900","828","112","0","beliebig","44","0","0","0"
"901","406","112","0","beliebig","45.96","0","0","0"
"902","381","112","0","beliebig","62.77","0","0","0"
"903","193","112","0","beliebig","124","0","0","0"
"904","361","112","0","beliebig","119.17","0","0","0"
"905","497","112","0","beliebig","160","0","0","0"
"906","73","112","0","beliebig","170","0","0","0"
"907","386","112","0","beliebig","57","0","0","0"
"908","301","112","0","beliebig","38.01","0","0","0"
"909","938","8","0","beliebig","38","0","0","0"
"910","19","8","0","beliebig","8","0","0","0"
"911","670","8","0","beliebig","66","0","0","0"
"912","605","8","0","beliebig","70","0","0","0"
"913","916","8","0","beliebig","85","0","0","0"
"914","734","8","0","beliebig","104","0","0","0"
"915","582","8","0","beliebig","104","0","0","0"
"916","671","8","0","beliebig","66","0","0","0"
"917","731","8","0","beliebig","85","0","0","0"
"918","127","8","0","beliebig","260","0","0","0"
"919","878","8","0","beliebig","31","0","0","0"
"920","122","8","0","beliebig","41","0","0","0"
"921","729","8","0","beliebig","70","0","0","0"
"922","653","8","0","beliebig","27","0","0","0"
"923","229","8","0","beliebig","15","0","0","0"
"924","1010","8","0","beliebig","15","0","0","0"
"925","170","8","0","beliebig","12","0","0","0"
"926","1007","8","0","beliebig","71","0","0","0"
"927","705","8","0","beliebig","71","0","0","0"
"928","866","8","0","beliebig","9.5","0","0","0"
"929","1146","8","0","beliebig","45.99","0","0","0"
"930","1151","8","0","beliebig","69.99","0","0","0"
"931","359","8","0","beliebig","162.99","0","0","0"
"932","624","8","0","beliebig","94","0","0","0"
"933","717","8","0","beliebig","94","0","0","0"
"934","478","8","0","beliebig","59.99","0","0","0"
"935","495","8","0","beliebig","189.99","0","0","0"
"936","1009","8","0","beliebig","6.5","0","0","0"
"937","1216","8","0","beliebig","25","0","0","0"
"938","596","8","0","beliebig","15","0","0","0"
"939","628","8","0","beliebig","28","0","0","0"
"940","415","8","0","beliebig","59.99","0","0","0"
"941","1006","8","0","beliebig","15","0","0","0"
"942","96","8","0","beliebig","6.5","0","0","0"
"943","1031","8","0","beliebig","165","0","0","0"
"944","156","8","0","beliebig","165","0","0","0"
"945","203","8","0","beliebig","69","0","0","0"
"946","1248","8","0","beliebig","78.9","0","0","0"
"947","695","8","0","beliebig","78.9","0","0","0"
"948","977","8","0","beliebig","25","0","0","0"
"949","953","8","0","beliebig","25","0","0","0"
"950","111","8","0","beliebig","9","0","0","0"
"951","687","8","0","beliebig","60","0","0","0"
"952","85","8","0","beliebig","82","0","0","0"
"953","1258","8","0","beliebig","90","0","0","0"
"954","147","8","0","beliebig","48","0","0","0"
"955","1206","8","0","beliebig","25","0","0","0"
"956","1198","8","0","beliebig","25","0","0","0"
"957","868","8","0","beliebig","25","0","0","0"
"958","153","8","0","beliebig","48","0","0","0"
"959","52","8","0","beliebig","60","0","0","0"
"960","587","8","0","beliebig","90","0","0","0"
"961","748","8","0","beliebig","84","0","0","0"
"962","123","8","0","beliebig","7.5","0","0","0"
"963","265","8","0","beliebig","6.5","0","0","0"
"964","877","8","0","beliebig","36.5","0","0","0"
"965","622","8","0","beliebig","84","0","0","0"
"966","752","8","0","beliebig","39","0","0","0"
"967","753","8","0","beliebig","39","0","0","0"
"968","629","8","0","beliebig","28","0","0","0"
"969","670","174","0","beliebig","32.9","0","0","0"
"970","671","174","0","beliebig","32.9","0","0","0"
"971","717","174","0","beliebig","47.9","0","0","0"
"972","624","174","0","beliebig","47.9","0","0","0"
"973","916","174","0","beliebig","40.9","0","0","0"
"974","731","174","0","beliebig","40.9","0","0","0"
"975","734","174","0","beliebig","59.9","0","0","0"
"976","582","174","0","beliebig","59.9","0","0","0"
"977","1280","174","0","beliebig","74.9","0","0","0"
"978","127","174","0","beliebig","139.9","0","0","0"
"979","947","174","0","beliebig","184.9","0","0","0"
"980","218","174","0","beliebig","229.9","0","0","0"
"981","562","54","0","beliebig","135.9","0","0","0"
"982","719","54","0","beliebig","8.5","0","0","0"
"983","497","54","0","beliebig","170.9","0","0","0"
"984","636","54","0","beliebig","5.9","0","0","0"
"985","628","54","0","beliebig","22","0","0","0"
"986","629","54","0","beliebig","22","0","0","0"
"987","753","54","0","beliebig","24","0","0","0"
"988","752","54","0","beliebig","24","0","0","0"
"989","52","54","0","beliebig","30.9","0","0","0"
"990","687","54","0","beliebig","30.9","0","0","0"
"991","622","54","0","beliebig","31.9","0","0","0"
"992","748","54","0","beliebig","31.9","0","0","0"
"993","729","54","0","beliebig","32.9","0","0","0"
"994","605","54","0","beliebig","32.9","0","0","0"
"995","1258","54","0","beliebig","33.9","0","0","0"
"996","1284","54","0","beliebig","139.9","0","0","0"
"997","1280","54","0","beliebig","84.9","0","0","0"
"998","383","54","0","beliebig","65.9","0","0","0"
"999","211","54","0","beliebig","9","0","0","0"
"1000","84","54","0","beliebig","159.9","0","0","0"
"1001","1029","54","0","beliebig","19.99","0","0","0"
"1002","268","54","0","beliebig","6.5","0","0","0"
"1003","1007","54","0","beliebig","39.5","0","0","0"
"1004","19","54","0","beliebig","6.5","0","0","0"
"1005","147","54","0","beliebig","39.5","0","0","0"
"1006","1040","54","0","beliebig","22.99","0","0","0"
"1007","217","54","0","beliebig","215.9","0","0","0"
"1008","868","54","0","beliebig","20","0","0","0"
"1009","653","54","0","beliebig","17.9","0","0","0"
"1010","169","54","0","beliebig","8.5","0","0","0"
"1011","159","54","0","beliebig","9.5","0","0","0"
"1012","111","54","0","beliebig","7","0","0","0"
"1013","123","54","0","beliebig","6.5","0","0","0"
"1014","170","54","0","beliebig","8","0","0","0"
"1015","587","54","0","beliebig","47","0","0","0"
"1016","1009","54","0","beliebig","5","0","0","0"
"1017","153","54","0","beliebig","39.5","0","0","0"
"1018","953","54","0","beliebig","20.5","0","0","0"
"1019","265","54","0","beliebig","6","0","0","0"
"1020","940","54","0","beliebig","99","0","0","0"
"1021","157","54","0","beliebig","19.99","0","0","0"
"1022","379","54","0","beliebig","129.99","0","0","0"
"1023","598","54","0","beliebig","20","0","0","0"
"1024","50","54","0","beliebig","6","0","0","0"
"1025","193","54","0","beliebig","127.9","0","0","0"
"1026","229","54","0","beliebig","12.5","0","0","0"
"1027","947","54","0","beliebig","265","0","0","0"
"1028","127","54","0","beliebig","235","0","0","0"
"1029","572","54","0","beliebig","14.5","0","0","0"
"1030","98","54","0","beliebig","69.9","0","0","0"
"1031","96","54","0","beliebig","6.5","0","0","0"
"1032","702","54","0","beliebig","73","0","0","0"
"1033","717","54","0","beliebig","95","0","0","0"
"1034","938","54","0","beliebig","54","0","0","0"
"1035","122","54","0","beliebig","54","0","0","0"
"1036","624","54","0","beliebig","99","0","0","0"
"1037","878","54","0","beliebig","35","0","0","0"
"1038","595","54","0","beliebig","14.5","0","0","0"
"1039","877","54","0","beliebig","37","0","0","0"
"1040","503","30","0","beliebig","145","0","0","0"
"1041","301","30","0","beliebig","37","0","0","0"
"1042","562","30","0","beliebig","115","0","0","0"
"1043","127","30","0","beliebig","129.9","0","0","0"
"1044","582","30","0","beliebig","54","0","0","0"
"1045","1280","30","0","beliebig","54","0","0","0"
"1046","938","30","0","beliebig","27.9","0","0","0"
"1047","734","30","0","beliebig","59","0","0","0"
"1048","211","30","0","beliebig","9.5","0","0","0"
"1049","947","30","0","beliebig","159.99","0","0","0"
"1050","111","30","0","beliebig","6.5","0","0","0"
"1051","502","30","0","beliebig","165.9","0","0","0"
"1052","84","30","0","beliebig","145","0","0","0"
"1053","193","30","0","beliebig","126","0","0","0"
"1054","1140","30","0","beliebig","155","0","0","0"
"1055","140","30","0","beliebig","124.9","0","0","0"
"1056","218","30","0","beliebig","239","0","0","0"
"1057","535","30","0","beliebig","135.9","0","0","0"
"1058","381","30","0","beliebig","65.9","0","0","0"
"1059","528","30","0","beliebig","135.9","0","0","0"
"1060","532","30","0","beliebig","135.9","0","0","0"
"1061","172","30","0","beliebig","280","0","0","0"
"1062","671","30","0","beliebig","32","0","0","0"
"1063","868","30","0","beliebig","16","0","0","0"
"1064","731","30","0","beliebig","42","0","0","0"
"1065","916","30","0","beliebig","42","0","0","0"
"1066","526","30","0","beliebig","132","0","0","0"
"1067","479","30","0","beliebig","178.9","0","0","0"
"1068","399","30","0","beliebig","37.9","0","0","0"
"1069","717","30","0","beliebig","55","0","0","0"
"1070","624","30","0","beliebig","55","0","0","0"
"1071","61","30","0","beliebig","42.9","0","0","0"
"1072","312","30","0","beliebig","32.9","0","0","0"
"1073","406","30","0","beliebig","48.9","0","0","0"
"1074","365","30","0","beliebig","145.9","0","0","0"
"1075","495","30","0","beliebig","145.9","0","0","0"
"1076","217","30","0","beliebig","245","0","0","0"
"1077","828","30","0","beliebig","44.9","0","0","0"
"1078","522","30","0","beliebig","154.9","0","0","0"
"1079","877","30","0","beliebig","24.9","0","0","0"
"1080","488","30","0","beliebig","132","0","0","0"
"1081","52","30","0","beliebig","37.9","0","0","0"
"1082","687","30","0","beliebig","37.9","0","0","0"
"1083","729","30","0","beliebig","42.9","0","0","0"
"1084","605","30","0","beliebig","42.9","0","0","0"
"1085","587","30","0","beliebig","54.9","0","0","0"
"1086","1258","30","0","beliebig","54.9","0","0","0"
"1087","670","30","0","beliebig","39.9","0","0","0"
"1088","73","30","0","beliebig","178.9","0","0","0"
"1089","1284","30","0","beliebig","234.99","0","0","0"
"1090","946","30","0","beliebig","110","0","0","0"
"1091","1150","30","0","beliebig","154.99","0","0","0"
"1092","687","173","0","beliebig","30.9","0","0","0"
"1093","19","173","0","beliebig","6.5","0","0","0"
"1094","605","173","0","beliebig","31.9","0","0","0"
"1095","729","95","0","beliebig","34.5","0","0","0"
"1096","605","95","0","beliebig","34.5","0","0","0"
"1097","488","95","0","beliebig","129.9","0","0","0"
"1098","386","95","0","beliebig","63.9","0","0","0"
"1099","301","95","0","beliebig","42.9","0","0","0"
"1100","589","95","0","beliebig","22.5","0","0","0"
"1101","130","95","0","beliebig","22","0","0","0"
"1102","906","95","0","beliebig","20.5","0","0","0"
"1103","650","95","0","beliebig","17.5","0","0","0"
"1104","587","95","0","beliebig","52.9","0","0","0"
"1105","622","95","0","beliebig","45.9","0","0","0"
"1106","748","95","0","beliebig","45.9","0","0","0"
"1107","52","95","0","beliebig","36","0","0","0"
"1108","687","95","0","beliebig","36","0","0","0"
"1109","190","95","0","beliebig","25","0","0","0"
"1110","946","95","0","beliebig","140.5","0","0","0"
"1111","1023","95","0","beliebig","125.5","0","0","0"
"1112","752","95","0","beliebig","26.5","0","0","0"
"1113","753","95","0","beliebig","26.5","0","0","0"
"1114","1281","95","0","beliebig","79.9","0","0","0"
"1115","157","95","0","beliebig","24","0","0","0"
"1116","1258","95","0","beliebig","72.9","0","0","0"
"1117","720","95","0","beliebig","23","0","0","0"
"1118","1280","95","0","beliebig","105","0","0","0"
"1119","749","95","0","beliebig","23","0","0","0"
"1120","885","95","0","beliebig","21","0","0","0"
"1121","978","95","0","beliebig","11","0","0","0"
"1122","111","95","0","beliebig","7.5","0","0","0"
"1123","96","95","0","beliebig","6.5","0","0","0"
"1124","19","95","0","beliebig","7","0","0","0"
"1125","1009","95","0","beliebig","6.5","0","0","0"
"1126","629","95","0","beliebig","23.9","0","0","0"
"1127","588","95","0","beliebig","24","0","0","0"
"1128","1207","95","0","beliebig","11","0","0","0"
"1129","572","95","0","beliebig","11","0","0","0"
"1130","570","95","0","beliebig","11","0","0","0"
"1131","826","95","0","beliebig","19","0","0","0"
"1132","869","95","0","beliebig","12","0","0","0"
"1133","193","95","0","beliebig","139","0","0","0"
"1134","628","95","0","beliebig","25","0","0","0"
"1135","202","95","0","beliebig","22.5","0","0","0"
"1136","870","95","0","beliebig","12","0","0","0"
"1137","139","95","0","beliebig","14.5","0","0","0"
"1138","123","95","0","beliebig","7","0","0","0"
"1139","726","95","0","beliebig","23","0","0","0"
"1140","680","95","0","beliebig","22","0","0","0"
"1141","528","95","0","beliebig","129","0","0","0"
"1142","532","95","0","beliebig","132","0","0","0"
"1143","887","95","0","beliebig","18.5","0","0","0"
"1144","879","95","0","beliebig","14.5","0","0","0"
"1145","1268","95","0","beliebig","13.99","0","0","0"
"1146","66","95","0","beliebig","65","0","0","0"
"1147","442","95","0","beliebig","65","0","0","0"
"1148","65","95","0","beliebig","65","0","0","0"
"1149","1040","95","0","beliebig","49.99","0","0","0"
"1150","126","95","0","beliebig","13.99","0","0","0"
"1151","1047","95","0","beliebig","13.99","0","0","0"
"1152","1048","95","0","beliebig","13.99","0","0","0"
"1153","1019","95","0","beliebig","22.99","0","0","0"
"1154","927","95","0","beliebig","19.99","0","0","0"
"1155","1038","95","0","beliebig","18.99","0","0","0"
"1156","877","95","0","beliebig","29.9","0","0","0"
"1157","122","95","0","beliebig","38.9","0","0","0"
"1158","938","95","0","beliebig","38.9","0","0","0"
"1159","1228","95","0","beliebig","20.5","0","0","0"
"1160","562","95","0","beliebig","185","0","0","0"
"1161","1041","95","0","beliebig","25","0","0","0"
"1162","878","95","0","beliebig","29.9","0","0","0"
"1163","155","95","0","beliebig","129.99","0","0","0"
"1164","687","3","0","beliebig","54","0","0","0"
"1165","729","3","0","beliebig","60","0","0","0"
"1166","139","3","0","beliebig","17","0","0","0"
"1167","127","3","0","beliebig","265","0","0","0"
"1168","748","3","0","beliebig","76","0","0","0"
"1169","1007","3","0","beliebig","63","0","0","0"
"1170","719","3","0","beliebig","11.99","0","0","0"
"1171","587","3","0","beliebig","84","0","0","0"
"1172","622","3","0","beliebig","76","0","0","0"
"1173","1207","3","0","beliebig","13.5","0","0","0"
"1174","978","3","0","beliebig","13.5","0","0","0"
"1175","628","3","0","beliebig","30","0","0","0"
"1176","629","3","0","beliebig","30","0","0","0"
"1177","752","3","0","beliebig","38","0","0","0"
"1178","753","3","0","beliebig","38","0","0","0"
"1179","953","3","0","beliebig","23","0","0","0"
"1180","868","3","0","beliebig","23","0","0","0"
"1181","52","3","0","beliebig","62","0","0","0"
"1182","605","3","0","beliebig","75","0","0","0"
"1183","122","3","0","beliebig","45","0","0","0"
"1184","170","3","0","beliebig","15","0","0","0"
"1185","111","3","0","beliebig","11","0","0","0"
"1186","877","3","0","beliebig","35","0","0","0"
"1187","878","3","0","beliebig","34","0","0","0"
"1188","123","3","0","beliebig","9","0","0","0"
"1189","265","3","0","beliebig","7","0","0","0"
"1190","96","3","0","beliebig","7","0","0","0"
"1191","671","3","0","beliebig","73","0","0","0"
"1192","1012","124","0","beliebig","289.9","0","0","0"
"1193","1281","124","0","beliebig","60.9","0","0","0"
"1194","1280","124","0","beliebig","70.9","0","0","0"
"1195","930","124","0","beliebig","6.49","0","0","0"
"1196","85","124","0","beliebig","75.9","0","0","0"
"1197","699","124","0","beliebig","4.9","0","0","0"
"1198","98","124","0","beliebig","44","0","0","0"
"1199","229","124","0","beliebig","8.5","0","0","0"
"1200","146","124","0","beliebig","3.9","0","0","0"
"1201","168","124","0","beliebig","6.9","0","0","0"
"1202","217","124","0","beliebig","184.9","0","0","0"
"1203","1284","124","0","beliebig","132.9","0","0","0"
"1204","562","124","0","beliebig","124.9","0","0","0"
"1205","622","124","0","beliebig","38.9","0","0","0"
"1206","587","124","0","beliebig","40.5","0","0","0"
"1207","1258","124","0","beliebig","40.5","0","0","0"
"1208","748","124","0","beliebig","38.9","0","0","0"
"1209","705","124","0","beliebig","43.9","0","0","0"
"1210","1007","124","0","beliebig","43.9","0","0","0"
"1211","147","124","0","beliebig","36.9","0","0","0"
"1212","52","124","0","beliebig","32.5","0","0","0"
"1213","687","124","0","beliebig","32.5","0","0","0"
"1214","752","124","0","beliebig","23.5","0","0","0"
"1215","753","124","0","beliebig","23.5","0","0","0"
"1216","605","124","0","beliebig","36.5","0","0","0"
"1217","729","124","0","beliebig","36.5","0","0","0"
"1218","581","124","0","beliebig","53.9","0","0","0"
"1219","602","124","0","beliebig","5.9","0","0","0"
"1220","892","124","0","beliebig","4.49","0","0","0"
"1221","260","124","0","beliebig","3.9","0","0","0"
"1222","49","124","0","beliebig","1.89","0","0","0"
"1223","842","124","0","beliebig","6.9","0","0","0"
"1224","850","124","0","beliebig","6.9","0","0","0"
"1225","54","124","0","beliebig","6.9","0","0","0"
"1226","48","124","0","beliebig","4.9","0","0","0"
"1227","889","124","0","beliebig","4.9","0","0","0"
"1228","369","124","0","beliebig","6.5","0","0","0"
"1229","668","124","0","beliebig","24","0","0","0"
"1230","696","124","0","beliebig","0.6","0","0","0"
"1231","779","124","0","beliebig","0.55","0","0","0"
"1232","697","124","0","beliebig","0.6","0","0","0"
"1233","780","124","0","beliebig","0.55","0","0","0"
"1234","660","124","0","beliebig","4.9","0","0","0"
"1235","50","124","0","beliebig","5.5","0","0","0"
"1236","88","124","0","beliebig","18.9","0","0","0"
"1237","48","124","0","beliebig","4.9","0","0","0"
"1238","88","124","0","beliebig","12.9","0","0","0"
"1239","1285","124","0","beliebig","1.9","0","0","0"
"1240","845","124","0","beliebig","1.9","0","0","0"
"1241","236","124","0","beliebig","2.45","0","0","0"
"1242","967","124","0","beliebig","3.5","0","0","0"
"1243","100","124","0","beliebig","2.45","0","0","0"
"1244","894","124","0","beliebig","4.5","0","0","0"
"1245","153","124","0","beliebig","38.9","0","0","0"
"1246","629","124","0","beliebig","21.9","0","0","0"
"1247","628","124","0","beliebig","21.9","0","0","0"
"1248","868","124","0","beliebig","18.5","0","0","0"
"1249","953","124","0","beliebig","18.5","0","0","0"
"1250","1206","124","0","beliebig","18.5","0","0","0"
"1251","977","124","0","beliebig","18.5","0","0","0"
"1252","131","124","0","beliebig","2.9","0","0","0"
"1253","245","124","0","beliebig","1.9","0","0","0"
"1254","237","124","0","beliebig","4.5","0","0","0"
"1255","699","124","0","beliebig","2.9","0","0","0"
"1256","184","124","0","beliebig","2.9","0","0","0"
"1257","673","124","0","beliebig","5.5","0","0","0"
"1258","809","124","0","beliebig","1.19","0","0","0"
"1259","903","124","0","beliebig","1.9","0","0","0"
"1260","936","124","0","beliebig","3.9","0","0","0"
"1261","653","124","0","beliebig","12.9","0","0","0"
"1262","904","124","0","beliebig","8.9","0","0","0"
"1263","369","124","0","beliebig","3.9","0","0","0"
"1264","1004","124","0","beliebig","1.9","0","0","0"
"1265","236","124","0","beliebig","2.45","0","0","0"
"1266","951","124","0","beliebig","4.5","0","0","0"
"1267","811","124","0","beliebig","7.9","0","0","0"
"1268","1198","124","0","beliebig","19","0","0","0"
"1269","598","124","0","beliebig","17.9","0","0","0"
"1270","750","124","0","beliebig","3.9","0","0","0"
"1271","604","124","0","beliebig","39.9","0","0","0"
"1272","150","124","0","beliebig","4.5","0","0","0"
"1273","234","124","0","beliebig","13.9","0","0","0"
"1274","268","124","0","beliebig","3.5","0","0","0"
"1275","370","124","0","beliebig","3.5","0","0","0"
"1276","792","124","0","beliebig","3.9","0","0","0"
"1277","1022","124","0","beliebig","154.9","0","0","0"
"1278","156","124","0","beliebig","119.9","0","0","0"
"1279","1031","124","0","beliebig","119.9","0","0","0"
"1280","1021","124","0","beliebig","124.9","0","0","0"
"1281","702","124","0","beliebig","47.5","0","0","0"
"1282","674","124","0","beliebig","47.5","0","0","0"
"1283","941","124","0","beliebig","3.9","0","0","0"
"1284","206","124","0","beliebig","7.5","0","0","0"
"1285","211","124","0","beliebig","8.5","0","0","0"
"1286","157","124","0","beliebig","17","0","0","0"
"1287","53","124","0","beliebig","8.4","0","0","0"
"1288","170","124","0","beliebig","8","0","0","0"
"1289","719","124","0","beliebig","7.2","0","0","0"
"1290","111","124","0","beliebig","7","0","0","0"
"1291","866","124","0","beliebig","7.2","0","0","0"
"1292","123","124","0","beliebig","6.5","0","0","0"
"1293","265","124","0","beliebig","6","0","0","0"
"1294","96","124","0","beliebig","6","0","0","0"
"1295","19","124","0","beliebig","6","0","0","0"
"1296","954","124","0","beliebig","19.5","0","0","0"
"1297","127","124","0","beliebig","210","0","0","0"
"1298","1023","124","0","beliebig","135","0","0","0"
"1299","1014","124","0","beliebig","235.9","0","0","0"
"1300","172","124","0","beliebig","235.9","0","0","0"
"1301","155","124","0","beliebig","129.9","0","0","0"
"1302","732","124","0","beliebig","39.99","0","0","0"
"1303","997","124","0","beliebig","19.9","0","0","0"
"1304","996","124","0","beliebig","19.9","0","0","0"
"1305","717","124","0","beliebig","54.5","0","0","0"
"1306","726","124","0","beliebig","19.9","0","0","0"
"1307","720","124","0","beliebig","19.9","0","0","0"
"1308","906","124","0","beliebig","18.9","0","0","0"
"1309","680","124","0","beliebig","18.9","0","0","0"
"1310","887","124","0","beliebig","17.9","0","0","0"
"1311","650","124","0","beliebig","17.9","0","0","0"
"1312","139","124","0","beliebig","14.5","0","0","0"
"1313","879","124","0","beliebig","14.5","0","0","0"
"1314","869","124","0","beliebig","11.9","0","0","0"
"1315","870","124","0","beliebig","11.9","0","0","0"
"1316","1011","26","0","beliebig","299.9","0","0","0"
"1317","1012","26","0","beliebig","329.9","0","0","0"
"1318","628","26","0","beliebig","25.9","0","0","0"
"1319","629","26","0","beliebig","25.9","0","0","0"
"1320","953","26","0","beliebig","21.9","0","0","0"
"1321","868","26","0","beliebig","21.9","0","0","0"
"1322","977","26","0","beliebig","21.9","0","0","0"
"1323","1206","26","0","beliebig","21.9","0","0","0"
"1324","127","26","0","beliebig","261.9","0","0","0"
"1325","1248","26","0","beliebig","75.9","0","0","0"
"1326","695","26","0","beliebig","75.9","0","0","0"
"1327","778","26","0","beliebig","56.9","0","0","0"
"1328","670","26","0","beliebig","58.9","0","0","0"
"1329","671","26","0","beliebig","58.9","0","0","0"
"1330","938","26","0","beliebig","38.9","0","0","0"
"1331","122","26","0","beliebig","38.9","0","0","0"
"1332","52","26","0","beliebig","52.9","0","0","0"
"1333","687","26","0","beliebig","52.9","0","0","0"
"1334","752","26","0","beliebig","34.9","0","0","0"
"1335","753","26","0","beliebig","34.9","0","0","0"
"1336","52","12","0","beliebig","35","0","0","0"
"1337","687","12","0","beliebig","35","0","0","0"
"1338","748","12","0","beliebig","44","0","0","0"
"1339","938","12","0","beliebig","26","0","0","0"
"1340","674","12","0","beliebig","45","0","0","0"
"1341","1206","12","0","beliebig","19","0","0","0"
"1342","868","12","0","beliebig","19","0","0","0"
"1343","190","12","0","beliebig","49.99","0","0","0"
"1344","1041","12","0","beliebig","19.99","0","0","0"
"1345","1284","12","0","beliebig","145","0","0","0"
"1346","1039","12","0","beliebig","66.99","0","0","0"
"1347","19","12","0","beliebig","6.5","0","0","0"
"1348","1280","12","0","beliebig","79.9","0","0","0"
"1349","729","12","0","beliebig","45","0","0","0"
"1350","605","12","0","beliebig","45","0","0","0"
"1351","157","12","0","beliebig","19","0","0","0"
"1352","562","12","0","beliebig","136","0","0","0"
"1353","111","12","0","beliebig","8","0","0","0"
"1354","265","12","0","beliebig","6","0","0","0"
"1355","123","12","0","beliebig","8","0","0","0"
"1356","170","12","0","beliebig","9","0","0","0"
"1357","670","12","0","beliebig","45","0","0","0"
"1358","671","12","0","beliebig","45","0","0","0"
"1359","122","12","0","beliebig","28","0","0","0"
"1360","877","12","0","beliebig","24","0","0","0"
"1361","878","12","0","beliebig","24","0","0","0"
"1362","953","12","0","beliebig","20","0","0","0"
"1363","916","12","0","beliebig","61","0","0","0"
"1364","731","12","0","beliebig","61","0","0","0"
"1365","155","12","0","beliebig","149.99","0","0","0"
"1366","1026","12","0","beliebig","145.9","0","0","0"
"1367","1022","12","0","beliebig","154.9","0","0","0"
"1368","629","12","0","beliebig","22.9","0","0","0"
"1369","717","12","0","beliebig","73","0","0","0"
"1370","719","12","0","beliebig","10","0","0","0"
"1371","1258","12","0","beliebig","60","0","0","0"
"1372","587","12","0","beliebig","60","0","0","0"
"1373","702","12","0","beliebig","53","0","0","0"
"1374","173","12","0","beliebig","144.99","0","0","0"
"1375","66","12","0","beliebig","63.9","0","0","0"
"1376","193","12","0","beliebig","142.9","0","0","0"
"1377","622","12","0","beliebig","51.5","0","0","0"
"1378","91","12","0","beliebig","164.9","0","0","0"
"1379","624","12","0","beliebig","78","0","0","0"
"1380","734","12","0","beliebig","80","0","0","0"
"1381","386","12","0","beliebig","63.9","0","0","0"
"1382","153","12","0","beliebig","48","0","0","0"
"1383","1014","12","0","beliebig","240","0","0","0"
"1384","198","12","0","beliebig","240","0","0","0"
"1385","977","12","0","beliebig","24","0","0","0"
"1386","582","12","0","beliebig","80","0","0","0"
"1387","503","12","0","beliebig","162.99","0","0","0"
"1388","1021","12","0","beliebig","149.99","0","0","0"
"1389","156","12","0","beliebig","145","0","0","0"
"1390","127","12","0","beliebig","220","0","0","0"
"1391","522","12","0","beliebig","162","0","0","0"
"1392","1198","12","0","beliebig","24.5","0","0","0"
"1393","749","12","0","beliebig","25.5","0","0","0"
"1394","130","12","0","beliebig","25.5","0","0","0"
"1395","1031","12","0","beliebig","149.99","0","0","0"
"1396","21","12","0","beliebig","4","0","0","0"
"1397","883","12","0","beliebig","4.5","0","0","0"
"1398","1029","12","0","beliebig","19.99","0","0","0"
"1399","927","12","0","beliebig","19.99","0","0","0"
"1400","53","12","0","beliebig","11","0","0","0"
"1401","1216","12","0","beliebig","26","0","0","0"
"1402","1023","12","0","beliebig","142.5","0","0","0"
"1403","866","12","0","beliebig","8","0","0","0"
"1404","598","12","0","beliebig","35","0","0","0"
"1405","532","12","0","beliebig","169.99","0","0","0"
"1406","385","12","0","beliebig","91.99","0","0","0"
"1407","1006","12","0","beliebig","16","0","0","0"
"1408","1268","12","0","beliebig","12.99","0","0","0"
"1409","653","12","0","beliebig","28","0","0","0"
"1410","147","12","0","beliebig","50","0","0","0"
"1411","1037","12","0","beliebig","16.99","0","0","0"
"1412","211","12","0","beliebig","12","0","0","0"
"1413","1038","12","0","beliebig","16.99","0","0","0"
"1414","1045","12","0","beliebig","12.99","0","0","0"
"1415","126","12","0","beliebig","12.99","0","0","0"
"1416","1018","12","0","beliebig","19.99","0","0","0"
"1417","1019","12","0","beliebig","19.99","0","0","0"
"1418","1027","12","0","beliebig","19.99","0","0","0"
"1419","174","12","0","beliebig","19.99","0","0","0"
"1420","88","12","0","beliebig","35","0","0","0"
"1421","379","12","0","beliebig","199.99","0","0","0"
"1422","926","12","0","beliebig","40","0","0","0"
"1423","635","12","0","beliebig","40","0","0","0"
"1424","237","12","0","beliebig","9","0","0","0"
"1425","96","12","0","beliebig","6.5","0","0","0"
"1426","695","12","0","beliebig","79","0","0","0"
"1427","203","12","0","beliebig","67","0","0","0"
"1428","213","12","0","beliebig","67","0","0","0"
"1429","911","12","0","beliebig","3.99","0","0","0"
"1430","912","12","0","beliebig","3.99","0","0","0"
"1431","1009","12","0","beliebig","6.5","0","0","0"
"1432","69","12","0","beliebig","97.99","0","0","0"
"1433","488","12","0","beliebig","184.99","0","0","0"
"1434","1258","40","0","beliebig","49.99","0","0","0"
"1435","217","40","0","beliebig","199.9","0","0","0"
"1436","1284","40","0","beliebig","149.9","0","0","0"
"1437","562","40","0","beliebig","139.9","0","0","0"
"1438","729","40","0","beliebig","49.9","0","0","0"
"1439","753","40","0","beliebig","27.9","0","0","0"
"1440","687","40","0","beliebig","42.9","0","0","0"
"1441","705","40","0","beliebig","51.99","0","0","0"
"1442","624","40","0","beliebig","89","0","0","0"
"1443","752","40","0","beliebig","33","0","0","0"
"1444","1206","40","0","beliebig","24","0","0","0"
"1445","953","40","0","beliebig","24","0","0","0"
"1446","868","40","0","beliebig","24","0","0","0"
"1447","570","40","0","beliebig","24","0","0","0"
"1448","572","40","0","beliebig","24","0","0","0"
"1449","153","40","0","beliebig","52","0","0","0"
"1450","52","40","0","beliebig","54","0","0","0"
"1451","605","40","0","beliebig","64","0","0","0"
"1452","748","40","0","beliebig","77","0","0","0"
"1453","629","40","0","beliebig","30","0","0","0"
"1454","628","40","0","beliebig","30","0","0","0"
"1455","127","40","0","beliebig","299","0","0","0"
"1456","217","136","0","beliebig","235","0","0","0"
"1457","1284","136","0","beliebig","160","0","0","0"
"1458","878","136","0","beliebig","25.9","0","0","0"
"1459","671","136","0","beliebig","42.9","0","0","0"
"1460","717","136","0","beliebig","64.9","0","0","0"
"1461","624","136","0","beliebig","64.9","0","0","0"
"1462","581","136","0","beliebig","52","0","0","0"
"1463","604","136","0","beliebig","52","0","0","0"
"1464","916","136","0","beliebig","75.99","0","0","0"
"1465","731","136","0","beliebig","75.99","0","0","0"
"1466","670","136","0","beliebig","59.9","0","0","0"
"1467","122","136","0","beliebig","41.99","0","0","0"
"1468","938","136","0","beliebig","41.99","0","0","0"
"1469","229","136","0","beliebig","12.5","0","0","0"
"1470","562","136","0","beliebig","149.9","0","0","0"
"1471","54","136","0","beliebig","6.5","0","0","0"
"1472","218","136","0","beliebig","265.9","0","0","0"
"1473","127","136","0","beliebig","174.9","0","0","0"
"1474","947","136","0","beliebig","189.9","0","0","0"
"1475","811","136","0","beliebig","11","0","0","0"
"1476","1280","136","0","beliebig","99.99","0","0","0"
"1477","877","136","0","beliebig","28.99","0","0","0"
"1478","734","136","0","beliebig","87.99","0","0","0"
"1479","582","136","0","beliebig","87.99","0","0","0"
"1480","152","136","0","beliebig","3.5","0","0","0"
"1481","503","136","0","beliebig","148.5","0","0","0"
"1482","504","136","0","beliebig","148.5","0","0","0"
"1483","1140","136","0","beliebig","162.81","0","0","0"
"1484","84","136","0","beliebig","148.5","0","0","0"
"1485","526","136","0","beliebig","125.4","0","0","0"
"1486","488","136","0","beliebig","125.4","0","0","0"
"1487","528","136","0","beliebig","123.3","0","0","0"
"1488","193","136","0","beliebig","123.3","0","0","0"
"1489","560","136","0","beliebig","35","0","0","0"
"1490","162","136","0","beliebig","0.95","0","0","0"
"1491","235","136","0","beliebig","0.95","0","0","0"
"1492","658","136","0","beliebig","0.95","0","0","0"
"1493","157","136","0","beliebig","22.5","0","0","0"
"1494","1206","136","0","beliebig","26","0","0","0"
"1495","50","136","0","beliebig","6.5","0","0","0"
"1496","85","136","0","beliebig","85","0","0","0"
"1497","131","136","0","beliebig","9","0","0","0"
"1498","866","136","0","beliebig","8.5","0","0","0"
"1499","369","136","0","beliebig","8.5","0","0","0"
"1500","151","136","0","beliebig","0.95","0","0","0"
"1501","211","136","0","beliebig","9.5","0","0","0"
"1502","892","136","0","beliebig","10","0","0","0"
"1503","555","136","0","beliebig","0.95","0","0","0"
"1504","50","136","0","beliebig","6.5","0","0","0"
"1505","673","136","0","beliebig","6.5","0","0","0"
"1506","370","136","0","beliebig","4","0","0","0"
"1507","853","136","0","beliebig","5.5","0","0","0"
"1508","306","136","0","beliebig","5.5","0","0","0"
"1509","929","136","0","beliebig","7","0","0","0"
"1510","809","136","0","beliebig","3.5","0","0","0"
"1511","602","136","0","beliebig","7","0","0","0"
"1512","845","136","0","beliebig","3","0","0","0"
"1513","138","136","0","beliebig","4","0","0","0"
"1514","590","136","0","beliebig","6.5","0","0","0"
"1515","221","136","0","beliebig","1.5","0","0","0"
"1516","1023","136","0","beliebig","165","0","0","0"
"1517","868","136","0","beliebig","26","0","0","0"
"1518","634","136","0","beliebig","9","0","0","0"
"1519","653","136","0","beliebig","27","0","0","0"
"1520","749","136","0","beliebig","26.99","0","0","0"
"1521","130","136","0","beliebig","26.99","0","0","0"
"1522","906","136","0","beliebig","22.99","0","0","0"
"1523","680","136","0","beliebig","22.99","0","0","0"
"1524","885","136","0","beliebig","23.99","0","0","0"
"1525","202","136","0","beliebig","23.99","0","0","0"
"1526","887","136","0","beliebig","19.99","0","0","0"
"1527","650","136","0","beliebig","19.99","0","0","0"
"1528","1228","136","0","beliebig","21.99","0","0","0"
"1529","826","136","0","beliebig","21.99","0","0","0"
"1530","1284","6","0","beliebig","174.99","0","0","0"
"1531","562","6","0","beliebig","144.99","0","0","0"
"1532","479","6","0","beliebig","172.9","0","0","0"
"1533","53","6","0","beliebig","9.5","0","0","0"
"1534","211","6","0","beliebig","9","0","0","0"
"1535","170","6","0","beliebig","8.5","0","0","0"
"1536","828","6","0","beliebig","43.9","0","0","0"
"1537","406","6","0","beliebig","46.9","0","0","0"
"1538","73","6","0","beliebig","159.9","0","0","0"
"1539","482","6","0","beliebig","149.9","0","0","0"
"1540","497","6","0","beliebig","149.9","0","0","0"
"1541","503","6","0","beliebig","138.11","0","0","0"
"1542","84","6","0","beliebig","138.11","0","0","0"
"1543","528","6","0","beliebig","124.9","0","0","0"
"1544","193","6","0","beliebig","124.9","0","0","0"
"1545","587","6","0","beliebig","48.99","0","0","0"
"1546","1258","6","0","beliebig","48.99","0","0","0"
"1547","674","6","0","beliebig","39.99","0","0","0"
"1548","702","6","0","beliebig","39.99","0","0","0"
"1549","147","6","0","beliebig","35.99","0","0","0"
"1550","153","6","0","beliebig","35.99","0","0","0"
"1551","1031","6","0","beliebig","135.9","0","0","0"
"1552","1041","6","0","beliebig","25","0","0","0"
"1553","605","6","0","beliebig","35.99","0","0","0"
"1554","729","6","0","beliebig","35.99","0","0","0"
"1555","748","6","0","beliebig","44.99","0","0","0"
"1556","622","6","0","beliebig","44.99","0","0","0"
"1557","127","6","0","beliebig","154.99","0","0","0"
"1558","947","6","0","beliebig","189.99","0","0","0"
"1559","218","6","0","beliebig","239.99","0","0","0"
"1560","1280","6","0","beliebig","74.99","0","0","0"
"1561","868","6","0","beliebig","16.99","0","0","0"
"1562","1023","6","0","beliebig","99","0","0","0"
"1563","588","6","0","beliebig","20.5","0","0","0"
"1564","589","6","0","beliebig","20.5","0","0","0"
"1565","726","6","0","beliebig","18.5","0","0","0"
"1566","720","6","0","beliebig","18.5","0","0","0"
"1567","749","6","0","beliebig","19.9","0","0","0"
"1568","130","6","0","beliebig","19.9","0","0","0"
"1569","906","6","0","beliebig","18","0","0","0"
"1570","680","6","0","beliebig","18","0","0","0"
"1571","885","6","0","beliebig","19.5","0","0","0"
"1572","202","6","0","beliebig","19.5","0","0","0"
"1573","887","6","0","beliebig","17.5","0","0","0"
"1574","650","6","0","beliebig","17.5","0","0","0"
"1575","1228","6","0","beliebig","16","0","0","0"
"1576","826","6","0","beliebig","16","0","0","0"
"1577","879","6","0","beliebig","15.5","0","0","0"
"1578","139","6","0","beliebig","15.5","0","0","0"
"1579","52","6","0","beliebig","30.99","0","0","0"
"1580","687","6","0","beliebig","30.99","0","0","0"
"1581","938","6","0","beliebig","25.99","0","0","0"
"1582","122","6","0","beliebig","25.99","0","0","0"
"1583","953","6","0","beliebig","16.99","0","0","0"
"1584","1040","6","0","beliebig","25","0","0","0"
"1585","190","6","0","beliebig","49.99","0","0","0"
"1586","877","6","0","beliebig","22.99","0","0","0"
"1587","878","6","0","beliebig","22.99","0","0","0"
"1588","19","6","0","beliebig","6","0","0","0"
"1589","157","6","0","beliebig","18","0","0","0"
"1590","123","6","0","beliebig","6.5","0","0","0"
"1591","111","6","0","beliebig","7.5","0","0","0"
"1592","159","6","0","beliebig","9.5","0","0","0"
"1593","217","6","0","beliebig","248.99","0","0","0"
"1594","96","6","0","beliebig","6","0","0","0"
"1595","173","6","0","beliebig","145","0","0","0"
"1596","940","6","0","beliebig","115","0","0","0"
"1597","1206","6","0","beliebig","20.99","0","0","0"
"1598","629","6","0","beliebig","27.99","0","0","0"
"1599","628","6","0","beliebig","27.99","0","0","0"
"1600","1037","6","0","beliebig","14.2","0","0","0"
"1601","1038","6","0","beliebig","14.2","0","0","0"
"1602","1022","6","0","beliebig","153","0","0","0"
"1603","155","6","0","beliebig","159.99","0","0","0"
"1604","717","6","0","beliebig","91.99","0","0","0"
"1605","624","6","0","beliebig","91.99","0","0","0"
"1606","734","6","0","beliebig","106.99","0","0","0"
"1607","172","6","0","beliebig","257","0","0","0"
"1608","1021","6","0","beliebig","169.99","0","0","0"
"1609","386","6","0","beliebig","92.99","0","0","0"
"1610","487","6","0","beliebig","179.99","0","0","0"
"1611","532","6","0","beliebig","159.99","0","0","0"
"1612","488","6","0","beliebig","179.99","0","0","0"
"1613","1017","6","0","beliebig","140","0","0","0"
"1614","582","6","0","beliebig","113","0","0","0"
"1615","205","6","0","beliebig","140","0","0","0"
"1616","1069","6","0","beliebig","22.99","0","0","0"
"1617","1018","6","0","beliebig","18.99","0","0","0"
"1618","1026","6","0","beliebig","155.99","0","0","0"
"1619","369","6","0","beliebig","9","0","0","0"
"1620","156","6","0","beliebig","189.99","0","0","0"
"1621","737","6","0","beliebig","60","0","0","0"
"1622","775","6","0","beliebig","37","0","0","0"
"1623","776","6","0","beliebig","37","0","0","0"
"1624","924","6","0","beliebig","27.5","0","0","0"
"1625","212","6","0","beliebig","50","0","0","0"
"1626","229","6","0","beliebig","15","0","0","0"
"1627","1208","6","0","beliebig","17","0","0","0"
"1628","214","6","0","beliebig","50","0","0","0"
"1629","237","6","0","beliebig","8","0","0","0"
"1630","586","6","0","beliebig","3","0","0","0"
"1631","891","6","0","beliebig","3.5","0","0","0"
"1632","967","6","0","beliebig","7.5","0","0","0"
"1633","883","6","0","beliebig","6.5","0","0","0"
"1634","34","6","0","beliebig","6.5","0","0","0"
"1635","667","6","0","beliebig","6","0","0","0"
"1636","930","6","0","beliebig","6","0","0","0"
"1637","504","155","0","beliebig","159.9","0","0","0"
"1638","217","155","0","beliebig","195","0","0","0"
"1639","1281","155","0","beliebig","79.9","0","0","0"
"1640","111","155","0","beliebig","7.5","0","0","0"
"1641","202","155","0","beliebig","19.5","0","0","0"
"1642","73","155","0","beliebig","178.9","0","0","0"
"1643","130","155","0","beliebig","20.5","0","0","0"
"1644","497","155","0","beliebig","169.8","0","0","0"
"1645","1038","155","0","beliebig","22.99","0","0","0"
"1646","906","155","0","beliebig","20.5","0","0","0"
"1647","887","155","0","beliebig","17.5","0","0","0"
"1648","650","155","0","beliebig","17.5","0","0","0"
"1649","139","155","0","beliebig","14.5","0","0","0"
"1650","879","155","0","beliebig","14.5","0","0","0"
"1651","940","155","0","beliebig","115","0","0","0"
"1652","570","35","0","beliebig","13.9","0","0","0"
"1653","572","35","0","beliebig","13.9","0","0","0"
"1654","906","35","0","beliebig","28.99","0","0","0"
"1655","887","35","0","beliebig","19.9","0","0","0"
"1656","605","35","0","beliebig","49.9","0","0","0"
"1657","687","35","0","beliebig","34.9","0","0","0"
"1658","217","35","0","beliebig","175.9","0","0","0"
"1659","650","35","0","beliebig","14.9","0","0","0"
"1660","111","35","0","beliebig","7","0","0","0"
"1661","123","35","0","beliebig","6.5","0","0","0"
"1662","879","35","0","beliebig","12.49","0","0","0"
"1663","680","35","0","beliebig","17.49","0","0","0"
"1664","193","35","0","beliebig","159.9","0","0","0"
"1665","668","35","0","beliebig","32.5","0","0","0"
"1666","1023","35","0","beliebig","124.99","0","0","0"
"1667","869","35","0","beliebig","10.99","0","0","0"
"1668","139","35","0","beliebig","13.99","0","0","0"
"1669","720","35","0","beliebig","19.99","0","0","0"
"1670","1281","35","0","beliebig","79.9","0","0","0"
"1671","130","35","0","beliebig","21.99","0","0","0"
"1672","202","35","0","beliebig","21.99","0","0","0"
"1673","53","35","0","beliebig","12.5","0","0","0"
"1674","870","35","0","beliebig","10.99","0","0","0"
"1675","595","35","0","beliebig","10.99","0","0","0"
"1676","522","35","0","beliebig","162.5","0","0","0"
"1677","1009","35","0","beliebig","6.5","0","0","0"
"1678","19","35","0","beliebig","7","0","0","0"
"1679","885","35","0","beliebig","25.99","0","0","0"
"1680","749","35","0","beliebig","28.99","0","0","0"
"1681","157","35","0","beliebig","24","0","0","0"
"1682","978","35","0","beliebig","11.99","0","0","0"
"1683","122","35","0","beliebig","38","0","0","0"
"1684","1017","35","0","beliebig","119.9","0","0","0"
"1685","1031","35","0","beliebig","139.9","0","0","0"
"1686","156","35","0","beliebig","139.9","0","0","0"
"1687","66","35","0","beliebig","75","0","0","0"
"1688","65","35","0","beliebig","139.99","0","0","0"
"1689","140","35","0","beliebig","139.99","0","0","0"
"1690","1228","35","0","beliebig","18.99","0","0","0"
"1691","826","35","0","beliebig","18.99","0","0","0"
"1692","589","35","0","beliebig","25.99","0","0","0"
"1693","866","35","0","beliebig","7","0","0","0"
"1694","14","35","0","beliebig","3.5","0","0","0"
"1695","170","35","0","beliebig","9","0","0","0"
"1696","726","35","0","beliebig","22.99","0","0","0"
"1697","211","35","0","beliebig","9","0","0","0"
"1698","1207","35","0","beliebig","11.99","0","0","0"
"1699","127","35","0","beliebig","275","0","0","0"
"1700","1026","35","0","beliebig","155.99","0","0","0"
"1701","883","35","0","beliebig","6","0","0","0"
"1702","1050","35","0","beliebig","56.99","0","0","0"
"1703","69","35","0","beliebig","92.99","0","0","0"
"1704","265","35","0","beliebig","6","0","0","0"
"1705","96","35","0","beliebig","6","0","0","0"
"1706","465","35","0","beliebig","192.99","0","0","0"
"1707","528","35","0","beliebig","165.99","0","0","0"
"1708","488","35","0","beliebig","179.99","0","0","0"
"1709","588","35","0","beliebig","32.99","0","0","0"
"1710","301","32","0","beliebig","42.9","0","0","0"
"1711","828","32","0","beliebig","44.5","0","0","0"
"1712","1258","32","0","beliebig","55","0","0","0"
"1713","1131","32","0","beliebig","52","0","0","0"
"1714","1177","32","0","beliebig","107","0","0","0"
"1715","1023","32","0","beliebig","119.9","0","0","0"
"1716","752","32","0","beliebig","28","0","0","0"
"1717","587","32","0","beliebig","55","0","0","0"
"1718","488","32","0","beliebig","131","0","0","0"
"1719","1280","32","0","beliebig","90","0","0","0"
"1720","605","32","0","beliebig","40.5","0","0","0"
"1721","193","32","0","beliebig","123.9","0","0","0"
"1722","729","32","0","beliebig","40.5","0","0","0"
"1723","265","32","0","beliebig","6","0","0","0"
"1724","629","32","0","beliebig","24","0","0","0"
"1725","868","32","0","beliebig","20","0","0","0"
"1726","1007","32","0","beliebig","41.99","0","0","0"
"1727","687","32","0","beliebig","36","0","0","0"
"1728","52","32","0","beliebig","36","0","0","0"
"1729","562","32","0","beliebig","147.5","0","0","0"
"1730","508","32","0","beliebig","169.99","0","0","0"
"1731","217","32","0","beliebig","229","0","0","0"
"1732","748","32","0","beliebig","56","0","0","0"
"1733","953","32","0","beliebig","20.5","0","0","0"
"1734","1012","32","0","beliebig","345","0","0","0"
"1735","147","32","0","beliebig","42","0","0","0"
"1736","153","32","0","beliebig","42","0","0","0"
"1737","528","32","0","beliebig","137.9","0","0","0"
"1738","622","32","0","beliebig","59","0","0","0"
"1739","127","32","0","beliebig","180","0","0","0"
"1740","628","32","0","beliebig","26","0","0","0"
"1741","495","32","0","beliebig","149.98","0","0","0"
"1742","938","32","0","beliebig","36","0","0","0"
"1743","503","32","0","beliebig","155.9","0","0","0"
"1744","84","32","0","beliebig","158.9","0","0","0"
"1745","69","32","0","beliebig","59.99","0","0","0"
"1746","28","32","0","beliebig","59.99","0","0","0"
"1747","218","32","0","beliebig","320","0","0","0"
"1748","444","32","0","beliebig","169.99","0","0","0"
"1749","192","32","0","beliebig","169.99","0","0","0"
"1750","1140","32","0","beliebig","169","0","0","0"
"1751","68","32","0","beliebig","169","0","0","0"
"1752","502","32","0","beliebig","169","0","0","0"
"1753","522","32","0","beliebig","147","0","0","0"
"1754","532","32","0","beliebig","124","0","0","0"
"1755","947","32","0","beliebig","275","0","0","0"
"1756","1120","32","0","beliebig","174.99","0","0","0"
"1757","1152","32","0","beliebig","79","0","0","0"
"1758","10","32","0","beliebig","59","0","0","0"
"1759","1138","32","0","beliebig","115","0","0","0"
"1760","1121","32","0","beliebig","174.99","0","0","0"
"1761","359","32","0","beliebig","174.99","0","0","0"
"1762","922","32","0","beliebig","31.5","0","0","0"
"1763","920","32","0","beliebig","31.5","0","0","0"
"1764","1151","32","0","beliebig","79","0","0","0"
"1765","526","32","0","beliebig","150","0","0","0"
"1766","487","32","0","beliebig","150","0","0","0"
"1767","140","32","0","beliebig","145","0","0","0"
"1768","379","32","0","beliebig","145","0","0","0"
"1769","385","32","0","beliebig","70","0","0","0"
"1770","66","32","0","beliebig","70","0","0","0"
"1771","1022","32","0","beliebig","155","0","0","0"
"1772","1153","32","0","beliebig","79","0","0","0"
"1773","208","32","0","beliebig","59","0","0","0"
"1774","1129","32","0","beliebig","59","0","0","0"
"1775","878","32","0","beliebig","31.5","0","0","0"
"1776","674","32","0","beliebig","69","0","0","0"
"1777","702","32","0","beliebig","69","0","0","0"
"1778","122","32","0","beliebig","42","0","0","0"
"1779","877","32","0","beliebig","31.5","0","0","0"
"1780","1124","32","0","beliebig","69.99","0","0","0"
"1781","386","32","0","beliebig","92.99","0","0","0"
"1782","437","32","0","beliebig","92.99","0","0","0"
"1783","486","32","0","beliebig","69.99","0","0","0"
"1784","478","32","0","beliebig","69.99","0","0","0"
"1785","315","32","0","beliebig","164.99","0","0","0"
"1786","313","32","0","beliebig","164.99","0","0","0"
"1787","6","32","0","beliebig","164.99","0","0","0"
"1788","1130","32","0","beliebig","52","0","0","0"
"1789","1167","32","0","beliebig","68.99","0","0","0"
"1790","1146","32","0","beliebig","45.99","0","0","0"
"1791","1206","32","0","beliebig","26","0","0","0"
"1792","624","32","0","beliebig","83","0","0","0"
"1793","717","32","0","beliebig","83","0","0","0"
"1794","680","120","0","beliebig","18.9","0","0","0"
"1795","726","120","0","beliebig","19.9","0","0","0"
"1796","748","120","0","beliebig","36.9","0","0","0"
"1797","536","120","0","beliebig","145.9","0","0","0"
"1798","19","120","0","beliebig","6.5","0","0","0"
"1799","170","120","0","beliebig","8.5","0","0","0"
"1800","629","120","0","beliebig","21.9","0","0","0"
"1801","52","120","0","beliebig","34.9","0","0","0"
"1802","953","120","0","beliebig","19.5","0","0","0"
"1803","868","120","0","beliebig","19.5","0","0","0"
"1804","193","120","0","beliebig","127.9","0","0","0"
"1805","111","120","0","beliebig","7.5","0","0","0"
"1806","1140","120","0","beliebig","169.9","0","0","0"
"1807","687","120","0","beliebig","34.9","0","0","0"
"1808","720","120","0","beliebig","21.5","0","0","0"
"1809","887","120","0","beliebig","17.5","0","0","0"
"1810","211","120","0","beliebig","9.5","0","0","0"
"1811","1228","120","0","beliebig","18","0","0","0"
"1812","53","120","0","beliebig","10.5","0","0","0"
"1813","719","120","0","beliebig","8.5","0","0","0"
"1814","885","120","0","beliebig","19.5","0","0","0"
"1815","386","120","0","beliebig","63.9","0","0","0"
"1816","588","120","0","beliebig","22.5","0","0","0"
"1817","589","120","0","beliebig","22.5","0","0","0"
"1818","130","120","0","beliebig","22","0","0","0"
"1819","906","120","0","beliebig","20.5","0","0","0"
"1820","572","120","0","beliebig","10.5","0","0","0"
"1821","749","120","0","beliebig","22","0","0","0"
"1822","650","120","0","beliebig","17.5","0","0","0"
"1823","1023","120","0","beliebig","125.5","0","0","0"
"1824","753","120","0","beliebig","25.9","0","0","0"
"1825","123","120","0","beliebig","7","0","0","0"
"1826","605","120","0","beliebig","49.9","0","0","0"
"1827","752","120","0","beliebig","25.9","0","0","0"
"1828","84","120","0","beliebig","159.9","0","0","0"
"1829","1023","18","0","beliebig","109.9","0","0","0"
"1830","562","18","0","beliebig","129.9","0","0","0"
"1831","217","18","0","beliebig","259.99","0","0","0"
"1832","940","18","0","beliebig","105","0","0","0"
"1833","139","18","0","beliebig","16.99","0","0","0"
"1834","879","18","0","beliebig","16.99","0","0","0"
